record_id,id,host_id,host_profile_id,neighbourhood_group,neighbourhood,latitude,longitude,room_type,calculated_host_listings_count
1,70820,360195,1.46E+18,Bristol,"Windmill Hill",51.4384300,-2.5918300,"Private room",5
2,176306,708175,1.46E+18,Bristol,Southville,51.4417400,-2.6029700,"Private room",1
3,307634,1582810,1.46E+18,Bristol,Easton,51.4648700,-2.5569000,"Private room",3
4,390781,1954565,1.46E+18,Bristol,"Brislington West",51.4444400,-2.5578300,"Private room",2
5,407485,2029719,1.46E+18,Bristol,Ashley,51.4676900,-2.5825000,"Entire home/apt",1
6,421205,2094659,1.46E+18,Bristol,Ashley,51.4654700,-2.5845800,"Private room",1
7,422956,2103297,1.46E+18,Bristol,Redland,51.4738000,-2.6061500,"Entire home/apt",2
8,758894,3996407,1.46E+18,Bristol,Clifton,51.4552400,-2.6216800,"Entire home/apt",2
9,868888,4577089,1.46E+18,Bristol,Eastville,51.4730500,-2.5461700,"Private room",2
10,942226,2103297,1.46E+18,Bristol,Redland,51.4746100,-2.6043300,"Entire home/apt",2
11,975170,5332833,1.46E+18,Bristol,Eastville,51.4814300,-2.5532700,"Private room",2
12,1033484,5687726,1.46E+18,Bristol,Ashley,51.4636000,-2.5778800,"Private room",2
13,1166104,6386989,1.46E+18,Bristol,Clifton,51.4517140,-2.6209058,"Private room",2
14,1180148,6456324,1.46E+18,Bristol,Knowle,51.4386800,-2.5671500,"Private room",2
15,1182074,6466360,1.46E+18,Bristol,"Avonmouth & Lawrence Weston",51.4850300,-2.6724200,"Private room",2
16,1329265,7144675,1.46E+18,Bristol,"Lawrence Hill",51.4591900,-2.5756600,"Private room",1
17,1457693,4577089,1.46E+18,Bristol,Eastville,51.4740200,-2.5473500,"Private room",2
18,1536968,360195,1.46E+18,Bristol,"Windmill Hill",51.4404400,-2.5924000,"Private room",5
19,1906645,9487977,1.46E+18,Bristol,Cotham,51.4669900,-2.5956300,"Entire home/apt",1
20,2028961,5332833,1.46E+18,Bristol,Eastville,51.4832900,-2.5527500,"Private room",2
21,2164660,5905890,1.46E+18,Bristol,Eastville,51.4717500,-2.5626700,"Private room",1
22,2235568,11413122,1.46E+18,Bristol,Ashley,51.4677400,-2.5877700,"Private room",3
23,2403979,12286397,1.46E+18,Bristol,Ashley,51.4698700,-2.5769700,"Entire home/apt",1
24,2446524,12510269,1.46E+18,Bristol,Clifton,51.4591500,-2.6255400,"Private room",2
25,2523293,12510269,1.46E+18,Bristol,Clifton,51.4591600,-2.6255800,"Private room",2
26,2548956,13019736,1.46E+18,Bristol,Southmead,51.5050800,-2.5886200,"Private room",2
27,2793019,13804437,1.46E+18,Bristol,Ashley,51.4666400,-2.5843100,"Entire home/apt",1
28,3365141,7588995,1.46E+18,Bristol,Ashley,51.4694900,-2.5838500,"Private room",1
29,3453720,17137345,1.46E+18,Bristol,Redland,51.4700400,-2.5974700,"Entire home/apt",3
30,3468287,17474076,1.46E+18,Bristol,"Lawrence Hill",51.4628000,-2.5677500,"Private room",1
31,3490531,650181,1.46E+18,Bristol,"Clifton Down",51.4656600,-2.6094200,"Private room",2
32,3545386,3949983,1.46E+18,Bristol,Clifton,51.4523100,-2.6237200,"Entire home/apt",1
33,3879902,5687726,1.46E+18,Bristol,Ashley,51.4650000,-2.5798400,"Private room",2
34,3896013,19817019,1.46E+18,Bristol,Central,51.4590100,-2.5895700,"Entire home/apt",1
35,3906876,20235167,1.46E+18,Bristol,"Hotwells & Harbourside",51.4506000,-2.6072100,"Entire home/apt",1
36,3975847,20605126,1.46E+18,Bristol,"Clifton Down",51.4699300,-2.6110900,"Private room",1
37,4035668,4147725,1.46E+18,Bristol,"Clifton Down",51.4654621,-2.6185389,"Private room",1
38,4086139,21194896,1.46E+18,Bristol,Cotham,51.4616700,-2.5966000,"Private room",1
39,4130880,21295528,1.46E+18,Bristol,Southville,51.4406200,-2.6089300,"Private room",2
40,4249808,22052738,1.46E+18,Bristol,"Windmill Hill",51.4426400,-2.5801300,"Entire home/apt",1
41,4315598,7607380,1.46E+18,Bristol,"Hotwells & Harbourside",51.4471600,-2.6039000,"Private room",2
42,4438036,8618313,1.46E+18,Bristol,Cotham,51.4644000,-2.6041100,"Private room",2
43,4454288,8618313,1.46E+18,Bristol,Cotham,51.4649500,-2.6038700,"Private room",2
44,4543852,23560849,1.46E+18,Bristol,Eastville,51.4765600,-2.5566700,"Entire home/apt",2
45,4570407,5092392,1.46E+18,Bristol,Ashley,51.4616600,-2.5857100,"Private room",1
46,5441092,28214217,1.47E+18,Bristol,Southville,51.4424782,-2.6078939,"Private room",1
47,5566863,25648545,1.47E+18,Bristol,Redland,51.4741600,-2.5972200,"Entire home/apt",1
48,5752786,29674675,1.47E+18,Bristol,Redland,51.4761900,-2.5909600,"Private room",2
49,6173143,17137345,1.46E+18,Bristol,Redland,51.4703500,-2.5972200,"Entire home/apt",3
50,6374568,6353043,1.46E+18,Bristol,Clifton,51.4534700,-2.6170300,"Private room",1
51,6376019,5100050,1.46E+18,Bristol,Ashley,51.4654100,-2.5845000,"Private room",1
52,6399904,27540782,1.46E+18,Bristol,Southville,51.4427400,-2.6077500,"Private room",3
53,6818070,29944566,1.47E+18,Bristol,Ashley,51.4710400,-2.5811900,"Entire home/apt",1
54,6874942,12329887,1.46E+18,Bristol,"Clifton Down",51.4666900,-2.6103100,"Entire home/apt",1
55,7159559,37494463,1.47E+18,Bristol,"Lawrence Hill",51.4566300,-2.5826100,"Entire home/apt",1
56,7591680,15930299,1.46E+18,Bristol,Cotham,51.4645800,-2.5952200,"Private room",1
57,7592135,35535415,1.46E+18,Bristol,Clifton,51.4516000,-2.6164500,"Entire home/apt",1
58,7738447,5063443,1.46E+18,Bristol,"Hotwells & Harbourside",51.4485600,-2.6165800,"Entire home/apt",2
59,7738952,5063443,1.46E+18,Bristol,"Hotwells & Harbourside",51.4488500,-2.6151300,"Private room",2
60,7746625,40719797,1.47E+18,Bristol,Redland,51.4775233,-2.6063242,"Entire home/apt",1
61,7784124,40952905,1.47E+18,Bristol,Clifton,51.4564000,-2.6169600,"Entire home/apt",1
62,7824532,6466360,1.46E+18,Bristol,"Avonmouth & Lawrence Weston",51.4854430,-2.6729080,"Private room",2
63,7883245,37533889,1.47E+18,Bristol,"Clifton Down",51.4578400,-2.6111700,"Private room",2
64,7900542,40009065,1.47E+18,Bristol,"Bishopston & Ashley Down",51.4792600,-2.5841600,"Private room",2
65,7909436,11877178,1.46E+18,Bristol,Knowle,51.4294500,-2.5637100,"Entire home/apt",3
66,8025707,40009065,1.47E+18,Bristol,"Bishopston & Ashley Down",51.4788300,-2.5850300,"Private room",2
67,8097937,18833150,1.46E+18,Bristol,Redland,51.4779300,-2.5934600,"Private room",1
68,8142384,41369557,1.47E+18,Bristol,Ashley,51.4710500,-2.5875200,"Private room",1
69,8161251,39471780,1.46E+18,Bristol,Horfield,51.4952900,-2.5799700,"Private room",1
70,8459588,36473704,1.46E+18,Bristol,Easton,51.4563000,-2.5547400,"Private room",1
71,8529713,7862664,1.46E+18,Bristol,Ashley,51.4668800,-2.5879100,"Entire home/apt",1
72,8578293,360195,1.46E+18,Bristol,"Windmill Hill",51.4380500,-2.5921300,"Private room",5
73,8776062,46005110,1.47E+18,Bristol,"Brislington East",51.4549400,-2.5444500,"Private room",1
74,8853045,46354944,1.47E+18,Bristol,Bedminster,51.4387100,-2.6113000,"Private room",1
75,8862690,27540782,1.46E+18,Bristol,Southville,51.4426300,-2.6060300,"Private room",3
76,8967035,46861775,1.47E+18,Bristol,Knowle,51.4307214,-2.5640331,"Entire home/apt",1
77,8967044,45271036,1.46E+18,Bristol,Eastville,51.4782800,-2.5545500,"Entire home/apt",1
78,9249090,41023048,1.47E+18,Bristol,"Windmill Hill",51.4409800,-2.5892600,"Private room",1
79,9271329,9695611,1.46E+18,Bristol,Ashley,51.4644400,-2.5879000,"Entire home/apt",1
80,9389393,7537771,1.46E+18,Bristol,Eastville,51.4754200,-2.5483300,"Private room",1
81,9408981,48788064,1.47E+18,Bristol,"Westbury-on-Trym & Henleaze",51.4946400,-2.6120700,"Private room",2
82,9521652,27954975,1.47E+18,Bristol,Central,51.4544000,-2.5940400,"Entire home/apt",2
83,9559959,43800815,1.47E+18,Bristol,Southville,51.4417700,-2.5996700,"Entire home/apt",3
84,9598461,34880118,1.47E+18,Bristol,Central,51.4514100,-2.5925700,"Private room",1
85,9751748,48788064,1.47E+18,Bristol,"Westbury-on-Trym & Henleaze",51.4951400,-2.6109500,"Private room",2
86,9899518,130292748,1.47E+18,Bristol,"Stoke Bishop",51.4726400,-2.6379900,"Entire home/apt",1
87,9905613,19047046,1.46E+18,Bristol,"Clifton Down",51.4696095,-2.6108152,"Private room",1
88,10084839,17045922,1.46E+18,Bristol,Ashley,51.4736600,-2.5875100,"Entire home/apt",1
89,10543590,1955449,1.46E+18,Bristol,Hillfields,51.4686700,-2.5247500,"Private room",1
90,10576200,54559330,1.47E+18,Bristol,Ashley,51.4720940,-2.5816124,"Entire home/apt",4
91,10876647,48160052,1.47E+18,Bristol,Ashley,51.4693700,-2.5811200,"Entire home/apt",3
92,11086498,7852250,1.46E+18,Bristol,"Windmill Hill",51.4443100,-2.5804400,"Private room",2
93,11136807,8560772,1.46E+18,Bristol,Southville,51.4436500,-2.6189909,"Shared room",7
94,11237740,17511373,1.46E+18,Bristol,Knowle,51.4373400,-2.5666000,"Private room",3
95,11255331,58731668,1.47E+18,Bristol,Cotham,51.4621100,-2.6017000,"Entire home/apt",1
96,11264516,6386989,1.46E+18,Bristol,Clifton,51.4510100,-2.6208000,"Entire home/apt",2
97,11311871,20787677,1.46E+18,Bristol,Clifton,51.4531900,-2.6155400,"Entire home/apt",1
98,11394496,34635555,1.47E+18,Bristol,Southmead,51.5086589,-2.5973794,"Private room",4
99,11417033,35362588,1.46E+18,Bristol,"Brislington West",51.4405251,-2.5592401,"Entire home/apt",1
100,11451676,18414383,1.46E+18,Bristol,"Hotwells & Harbourside",51.4534000,-2.6040200,"Private room",2
101,11515357,14130227,1.46E+18,Bristol,Clifton,51.4551800,-2.6217400,"Entire home/apt",1
102,11529140,60676521,1.46E+18,Bristol,Southville,51.4438200,-2.6076500,"Private room",2
103,11620357,61538404,1.47E+18,Bristol,Cotham,51.4653200,-2.6017600,"Entire home/apt",2
104,11655698,53473700,1.47E+18,Bristol,"Brislington West",51.4389900,-2.5589500,"Private room",1
105,11735084,17511373,1.46E+18,Bristol,Knowle,51.4376900,-2.5686000,"Entire home/apt",3
106,11864632,10680012,1.46E+18,Bristol,Ashley,51.4711800,-2.5915500,"Entire home/apt",1
107,11870221,63283559,1.46E+18,Bristol,Clifton,51.4526700,-2.6222400,"Entire home/apt",1
108,11901776,48064237,1.47E+18,Bristol,"Lawrence Hill",51.4586400,-2.5764900,"Entire home/apt",1
109,12100361,45263904,1.47E+18,Bristol,"St George West",51.4596300,-2.5502300,"Entire home/apt",1
110,12124943,60676521,1.46E+18,Bristol,Southville,51.4435100,-2.6065900,"Private room",2
111,12187361,65499435,1.46E+18,Bristol,"Lawrence Hill",51.4610200,-2.5755800,"Entire home/apt",2
112,12240334,16495480,1.46E+18,Bristol,Ashley,51.4702300,-2.5864100,"Entire home/apt",2
113,12350376,27349373,1.47E+18,Bristol,Easton,51.4639600,-2.5593700,"Entire home/apt",2
114,12421850,60611927,1.47E+18,Bristol,Central,51.4533600,-2.5876600,"Entire home/apt",3
115,12422528,60611927,1.47E+18,Bristol,Central,51.4547200,-2.5883800,"Entire home/apt",3
116,12768764,46931021,1.47E+18,Bristol,Easton,51.4665900,-2.5602500,"Private room",2
117,12828793,18879799,1.46E+18,Bristol,"Windmill Hill",51.4404200,-2.5715400,"Entire home/apt",2
118,12874579,20972306,1.46E+18,Bristol,"Bishopston & Ashley Down",51.4836100,-2.5957600,"Entire home/apt",1
119,12999409,57242974,1.47E+18,Bristol,Eastville,51.4750100,-2.5596700,"Private room",6
120,13091537,48962068,1.47E+18,Bristol,Lockleaze,51.4750200,-2.5745100,"Entire home/apt",1
121,13119191,11413122,1.46E+18,Bristol,Ashley,51.4671400,-2.5871600,"Private room",3
122,13133203,20522861,1.46E+18,Bristol,"Avonmouth & Lawrence Weston",51.4963951,-2.6462641,"Entire home/apt",2
123,13237892,18879799,1.46E+18,Bristol,"Windmill Hill",51.4403441,-2.5715451,"Private room",2
124,13360791,33767623,1.47E+18,Bristol,Clifton,51.4572700,-2.6180690,"Entire home/apt",1
125,13369879,62911460,1.46E+18,Bristol,"Stoke Bishop",51.4855600,-2.6458200,"Private room",3
126,13635144,76200500,1.47E+18,Bristol,Ashley,51.4710300,-2.5797100,"Private room",1
127,13792660,77046591,1.47E+18,Bristol,"Avonmouth & Lawrence Weston",51.5026000,-2.6500300,"Entire home/apt",1
128,13828637,27279355,1.47E+18,Bristol,Ashley,51.4690704,-2.5751290,"Entire home/apt",1
129,13844007,42471628,1.47E+18,Bristol,Redland,51.4727000,-2.6073000,"Private room",1
130,13970388,1146171,1.46E+18,Bristol,Redland,51.4803900,-2.5956700,"Entire home/apt",1
131,13993634,80431142,1.46E+18,Bristol,Central,51.4553100,-2.5936500,"Entire home/apt",1
132,14086064,71317173,1.47E+18,Bristol,Hillfields,51.4711800,-2.5241100,"Entire home/apt",1
134,14357563,4881422,1.46E+18,Bristol,Ashley,51.4747300,-2.5795300,"Private room",1
135,14385904,21004234,1.46E+18,Bristol,Horfield,51.4938100,-2.5964400,"Private room",2
136,14390717,21004234,1.46E+18,Bristol,Horfield,51.4924500,-2.5986200,"Private room",2
137,14442814,88922941,1.47E+18,Bristol,Bedminster,51.4365000,-2.6080200,"Private room",1
138,14483722,45366780,1.47E+18,Bristol,Ashley,51.4663100,-2.5810500,"Entire home/apt",4
139,14519297,38385150,1.47E+18,Bristol,Clifton,51.4565300,-2.6115500,"Entire home/apt",2
140,14611969,40145180,1.47E+18,Bristol,Cotham,51.4636700,-2.5978900,"Entire home/apt",1
141,14627596,7380185,1.46E+18,Bristol,"Bishopston & Ashley Down",51.4756000,-2.5875100,"Private room",1
142,14651980,5434458,1.46E+18,Bristol,Eastville,51.4778900,-2.5359900,"Private room",1
143,14710856,43800815,1.47E+18,Bristol,Southville,51.4411300,-2.5994300,"Entire home/apt",3
144,14821579,5734704,1.46E+18,Bristol,"Clifton Down",51.4661937,-2.6129738,"Entire home/apt",1
145,14943195,50598300,1.47E+18,Bristol,Southville,51.4424300,-2.5984600,"Entire home/apt",1
146,14994706,37734868,1.47E+18,Bristol,Southmead,51.4949400,-2.6095500,"Private room",1
147,15223307,596653,1.46E+18,Bristol,"Clifton Down",51.4646100,-2.6059800,"Entire home/apt",2
148,15227718,95664486,1.47E+18,Bristol,"Clifton Down",51.4600600,-2.6129400,"Private room",1
149,15300345,97423648,1.47E+18,Bristol,"Bishopston & Ashley Down",51.4866447,-2.5852180,"Entire home/apt",1
150,15372024,7852250,1.46E+18,Bristol,"Windmill Hill",51.4444600,-2.5803500,"Private room",2
151,15389056,65192629,1.46E+18,Bristol,Clifton,51.4618490,-2.6214990,"Entire home/apt",141
152,15397477,57242974,1.47E+18,Bristol,Eastville,51.4736400,-2.5601700,"Private room",6
153,15397829,57242974,1.47E+18,Bristol,Eastville,51.4736400,-2.5601700,"Private room",6
154,15457289,45366780,1.47E+18,Bristol,Ashley,51.4673800,-2.5805700,"Entire home/apt",4
155,15476981,20637723,1.46E+18,Bristol,Redland,51.4726700,-2.5944100,"Private room",1
156,15519361,96525475,1.47E+18,Bristol,Redland,51.4716500,-2.6019300,"Private room",1
157,15520066,24281132,1.47E+18,Bristol,"St George Central",51.4641800,-2.5199500,"Private room",1
158,15640695,100890506,1.46E+18,Bristol,Cotham,51.4640600,-2.5985100,"Private room",3
159,15659149,47836893,1.47E+18,Bristol,Knowle,51.4358300,-2.5728700,"Entire home/apt",2
160,15724848,5677342,1.46E+18,Bristol,Cotham,51.4656715,-2.6046770,"Entire home/apt",1
161,15750112,42277729,1.47E+18,Bristol,"Brislington West",51.4324800,-2.5474300,"Private room",1
162,15769877,85643875,1.47E+18,Bristol,Horfield,51.4908100,-2.5781400,"Private room",2
163,15797205,17684695,1.46E+18,Bristol,Ashley,51.4679800,-2.5744400,"Entire home/apt",1
164,15797448,23208622,1.47E+18,Bristol,Ashley,51.4656100,-2.5887100,"Entire home/apt",1
165,15856894,45366780,1.47E+18,Bristol,Ashley,51.4662600,-2.5796500,"Entire home/apt",4
166,15865760,21295528,1.46E+18,Bristol,Southville,51.4416600,-2.6081000,"Private room",2
167,15934388,94252632,1.47E+18,Bristol,"Hotwells & Harbourside",51.4474404,-2.6029116,"Entire home/apt",1
168,15960123,85643875,1.47E+18,Bristol,Lockleaze,51.4904330,-2.5771030,"Private room",2
169,15968598,103716154,1.47E+18,Bristol,"Bishopston & Ashley Down",51.4829700,-2.5906200,"Entire home/apt",1
170,16199730,105245218,1.47E+18,Bristol,"Brislington West",51.4462800,-2.5471800,"Entire home/apt",1
171,16565691,54376504,1.46E+18,Bristol,"Bishopston & Ashley Down",51.4827700,-2.5876500,"Entire home/apt",1
172,16594174,109450752,1.46E+18,Bristol,Clifton,51.4566400,-2.6115600,"Private room",1
173,16615118,28922270,1.47E+18,Bristol,Redland,51.4772000,-2.5923300,"Entire home/apt",1
174,16802181,53661156,1.46E+18,Bristol,Ashley,51.4662000,-2.5888700,"Entire home/apt",1
175,16892839,48269225,1.47E+18,Bristol,"Clifton Down",51.4692400,-2.6105200,"Entire home/apt",1
176,16928881,37533889,1.47E+18,Bristol,Clifton,51.4570500,-2.6113100,"Private room",2
177,16935897,65192629,1.46E+18,Bristol,Clifton,51.4560740,-2.6146860,"Entire home/apt",141
178,17011099,14939735,1.46E+18,Bristol,Central,51.4633300,-2.5899800,"Entire home/apt",2
179,17197474,115777631,1.47E+18,Bristol,Easton,51.4629800,-2.5633400,"Entire home/apt",1
180,17211150,14707015,1.46E+18,Bristol,"Windmill Hill",51.4420400,-2.5710900,"Entire home/apt",1
181,17236942,26879607,1.47E+18,Bristol,"St George Troopers Hill",51.4556100,-2.5286200,"Private room",2
182,17247211,116218968,1.46E+18,Bristol,Ashley,51.4692400,-2.5905200,"Private room",2
183,17306490,90182477,1.47E+18,Bristol,"Bishopston & Ashley Down",51.4826100,-2.6008500,"Private room",2
184,17313318,45366780,1.47E+18,Bristol,Ashley,51.4679500,-2.5810200,"Entire home/apt",4
185,17401026,66296707,1.47E+18,Bristol,"St George West",51.4606800,-2.5417600,"Entire home/apt",1
186,17405811,37526160,1.47E+18,Bristol,Ashley,51.4628900,-2.5873400,"Entire home/apt",1
187,17420968,26643269,1.46E+18,Bristol,Stockwood,51.4233500,-2.5620800,"Private room",1
188,17461146,69976423,1.47E+18,Bristol,Hillfields,51.4677900,-2.5194300,"Entire home/apt",1
189,17480532,101932134,1.47E+18,Bristol,Ashley,51.4605100,-2.5868100,"Entire home/apt",1
190,17613516,1954565,1.46E+18,Bristol,"Brislington West",51.4420900,-2.5588400,"Private room",2
191,17614780,52842276,1.47E+18,Bristol,Cotham,51.4655500,-2.6026100,"Entire home/apt",1
192,17674434,57242974,1.47E+18,Bristol,Eastville,51.4736400,-2.5601700,"Private room",6
193,17743506,121038692,1.47E+18,Bristol,Ashley,51.4617790,-2.5854090,"Entire home/apt",1
194,17824571,113071830,1.47E+18,Bristol,"Westbury-on-Trym & Henleaze",51.4863052,-2.6109910,"Private room",1
195,17863124,8015723,1.46E+18,Bristol,Easton,51.4697500,-2.5647100,"Private room",2
196,17873565,65192629,1.46E+18,Bristol,Central,51.4557000,-2.5993900,"Entire home/apt",141
197,17875182,65192629,1.46E+18,Bristol,Central,51.4557000,-2.5993900,"Entire home/apt",141
198,17875273,65192629,1.46E+18,Bristol,Central,51.4557000,-2.5994000,"Entire home/apt",141
199,17875494,65192629,1.46E+18,Bristol,Central,51.4557000,-2.5993900,"Entire home/apt",141
200,17902476,51686051,1.47E+18,Bristol,Ashley,51.4610800,-2.5870100,"Entire home/apt",27
201,18011612,123831069,1.47E+18,Bristol,"Windmill Hill",51.4429400,-2.5825700,"Private room",2
202,18037407,123831069,1.47E+18,Bristol,"Windmill Hill",51.4412300,-2.5825100,"Private room",2
203,18056747,122696129,1.47E+18,Bristol,Cotham,51.4625300,-2.6030900,"Private room",4
204,18100599,5475166,1.46E+18,Bristol,"Hotwells & Harbourside",51.4553500,-2.6057300,"Private room",4
205,18110143,124759413,1.47E+18,Bristol,Ashley,51.4628000,-2.5875900,"Private room",1
206,18129366,37158405,1.47E+18,Bristol,Ashley,51.4698700,-2.5817700,"Entire home/apt",1
207,18132590,31029628,1.46E+18,Bristol,Ashley,51.4706500,-2.5909100,"Entire home/apt",1
208,18169604,8015723,1.46E+18,Bristol,Easton,51.4693200,-2.5640800,"Entire home/apt",2
209,18224845,5475166,1.46E+18,Bristol,Central,51.4559700,-2.6052200,"Private room",4
210,18225225,5475166,1.46E+18,Bristol,"Hotwells & Harbourside",51.4536100,-2.6055100,"Private room",4
211,18273700,1582810,1.46E+18,Bristol,Easton,51.4650100,-2.5555800,"Private room",3
212,18392756,100085500,1.47E+18,Bristol,"Stoke Bishop",51.4752000,-2.6164300,"Private room",1
213,18420260,127650440,1.47E+18,Bristol,Redland,51.4749300,-2.5993200,"Entire home/apt",1
214,18710590,130091006,1.47E+18,Bristol,"Frome Vale",51.4791500,-2.5275900,"Entire home/apt",1
215,18752694,13019736,1.46E+18,Bristol,Southmead,51.5059800,-2.5886100,"Private room",2
216,18939856,65499435,1.46E+18,Bristol,Central,51.4549700,-2.5964900,"Entire home/apt",2
217,18943628,132062898,1.47E+18,Bristol,Central,51.4473000,-2.5937700,"Entire home/apt",1
218,19001541,132574145,1.47E+18,Bristol,Ashley,51.4669000,-2.5854600,"Private room",1
219,19025857,83528919,1.47E+18,Bristol,Horfield,51.4945100,-2.5995400,"Private room",1
220,19032019,132807651,1.47E+18,Bristol,"Hengrove & Whitchurch Park",51.4256900,-2.5670700,"Entire home/apt",1
221,19043909,30657520,1.47E+18,Bristol,"Westbury-on-Trym & Henleaze",51.4940262,-2.6141291,"Entire home/apt",1
222,19114465,3447377,1.46E+18,Bristol,Clifton,51.4517200,-2.6187200,"Private room",1
223,19179907,20100235,1.46E+18,Bristol,"Windmill Hill",51.4393900,-2.5738800,"Private room",3
224,19222171,17886038,1.49E+18,Bristol,Horfield,51.4952500,-2.5810300,"Entire home/apt",1
225,19224146,5226005,1.46E+18,Bristol,Bedminster,51.4363700,-2.6099200,"Private room",1
226,19309655,135223045,1.46E+18,Bristol,Southmead,51.5035400,-2.5983500,"Private room",2
227,19438226,1455341,1.46E+18,Bristol,Central,51.4477800,-2.5927500,"Private room",2
228,19476170,22748171,1.46E+18,Bristol,Central,51.4515256,-2.5918001,"Entire home/apt",1
229,19503512,136954026,1.47E+18,Bristol,"Avonmouth & Lawrence Weston",51.4828070,-2.6791962,"Private room",1
230,19517152,11413122,1.46E+18,Bristol,Ashley,51.4680800,-2.5880500,"Entire home/apt",3
231,19765675,27487573,1.47E+18,Bristol,Clifton,51.4562000,-2.6122500,"Entire home/apt",1
232,19827105,76501535,1.47E+18,Bristol,"Windmill Hill",51.4390100,-2.5962400,"Private room",1
233,19907560,20100235,1.46E+18,Bristol,"Windmill Hill",51.4392300,-2.5730900,"Private room",3
234,20153374,143390860,1.47E+18,Bristol,Clifton,51.4515200,-2.6210400,"Private room",3
235,20229106,6168722,1.46E+18,Bristol,"Hengrove & Whitchurch Park",51.4183200,-2.5625700,"Private room",3
236,20230316,6168722,1.46E+18,Bristol,"Hengrove & Whitchurch Park",51.4161900,-2.5637900,"Private room",3
237,20259846,9062901,1.46E+18,Bristol,"Lawrence Hill",51.4612900,-2.5638500,"Entire home/apt",1
238,20289361,24451927,1.47E+18,Bristol,Redland,51.4740500,-2.5933300,"Entire home/apt",2
239,20415020,6168722,1.46E+18,Bristol,"Hengrove & Whitchurch Park",51.4185300,-2.5629100,"Private room",3
240,20417413,94296999,1.47E+18,Bristol,"Brislington East",51.4359800,-2.5515700,"Entire home/apt",1
241,20437428,116802663,1.47E+18,Bristol,"Hartcliffe & Withywood",51.4062700,-2.6131200,"Private room",1
242,20492313,23934191,1.47E+18,Bristol,Cotham,51.4668300,-2.6056900,"Entire home/apt",1
243,20556549,146807355,1.47E+18,Bristol,Bedminster,51.4366600,-2.6139300,"Private room",1
244,20619258,3567923,1.46E+18,Bristol,Clifton,51.4561100,-2.6102600,"Entire home/apt",1
245,20630629,147495547,1.47E+18,Bristol,"Windmill Hill",51.4398537,-2.5905590,"Entire home/apt",1
246,20695815,57242974,1.47E+18,Bristol,Eastville,51.4735500,-2.5596900,"Private room",6
247,20701453,57397967,1.47E+18,Bristol,"Westbury-on-Trym & Henleaze",51.4787800,-2.6097400,"Private room",1
248,20758229,25600173,1.47E+18,Bristol,Ashley,51.4710700,-2.5878200,"Entire home/apt",1
249,20780388,24299197,1.47E+18,Bristol,Cotham,51.4651100,-2.6006800,"Private room",2
250,20820629,149336499,1.47E+18,Bristol,Horfield,51.4921300,-2.5897600,"Entire home/apt",1
251,20866517,12071981,1.46E+18,Bristol,"Henbury & Brentry",51.5100100,-2.6404600,"Private room",1
252,20878593,61565193,1.47E+18,Bristol,Cotham,51.4646460,-2.5965236,"Entire home/apt",1
253,20882642,40987379,1.46E+18,Bristol,"Windmill Hill",51.4379100,-2.5842200,"Private room",1
254,21008930,7254449,1.46E+18,Bristol,"Stoke Bishop",51.4732400,-2.6421400,"Entire home/apt",2
255,21061839,149596133,1.47E+18,Bristol,Cotham,51.4625855,-2.6006720,"Private room",3
256,21062359,149596133,1.47E+18,Bristol,Cotham,51.4622300,-2.6008300,"Private room",3
257,21078143,124064936,1.46E+18,Bristol,"Clifton Down",51.4671400,-2.6081300,"Entire home/apt",1
258,21115568,116501636,1.47E+18,Bristol,Knowle,51.4343600,-2.5775500,"Private room",3
259,21115860,116501636,1.47E+18,Bristol,Knowle,51.4354500,-2.5765900,"Entire home/apt",3
260,21245658,296064386,1.46E+18,Bristol,Filwood,51.4258400,-2.5852300,"Entire home/apt",1
261,21366101,26879607,1.47E+18,Bristol,"St George Troopers Hill",51.4556100,-2.5286200,"Entire home/apt",2
262,21431303,53734866,1.46E+18,Bristol,"Windmill Hill",51.4407700,-2.5825000,"Private room",1
263,21454678,5475166,1.46E+18,Bristol,"Hotwells & Harbourside",51.4549300,-2.6059100,"Entire home/apt",4
264,21454949,16954524,1.46E+18,Bristol,Southville,51.4420300,-2.6121000,"Private room",1
265,21468397,19529582,1.46E+18,Bristol,Hillfields,51.4799652,-2.5159791,"Entire home/apt",1
266,21470866,9780937,1.46E+18,Bristol,Clifton,51.4539600,-2.6196400,"Private room",1
267,21558913,156764226,1.47E+18,Bristol,Horfield,51.4913400,-2.5841300,"Entire home/apt",1
268,21625540,31102099,1.47E+18,Bristol,Knowle,51.4364200,-2.5789600,"Entire home/apt",1
269,21634802,20987636,1.46E+18,Bristol,Southville,51.4456400,-2.6025800,"Private room",1
270,21642633,31424192,1.47E+18,Bristol,Cotham,51.4634600,-2.5942200,"Private room",1
271,21665116,130380675,1.47E+18,Bristol,"St George West",51.4605800,-2.5470300,"Private room",1
272,21672726,65192629,1.46E+18,Bristol,Central,51.4506000,-2.5965600,"Private room",141
273,21673472,150717640,1.47E+18,Bristol,"Avonmouth & Lawrence Weston",51.4980100,-2.6463900,"Entire home/apt",1
274,21763280,154321007,1.47E+18,Bristol,Central,51.4492300,-2.5912900,"Private room",1
275,21797474,158665944,1.47E+18,Bristol,"Westbury-on-Trym & Henleaze",51.4990300,-2.6192800,"Private room",1
276,21878988,6788741,1.46E+18,Bristol,"Hotwells & Harbourside",51.4481400,-2.6198500,"Entire home/apt",1
277,21925182,1634470,1.46E+18,Bristol,"St George West",51.4631100,-2.5434200,"Entire home/apt",1
278,22063785,96199727,1.47E+18,Bristol,Central,51.4481955,-2.5956614,"Private room",1
279,22154299,236481623,1.47E+18,Bristol,Southville,51.4434900,-2.5904300,"Entire home/apt",48
280,22501693,88960846,1.47E+18,Bristol,"Windmill Hill",51.4436400,-2.5819600,"Entire home/apt",1
281,22625158,42363082,1.47E+18,Bristol,"Windmill Hill",51.4403500,-2.5767300,"Entire home/apt",1
282,22683171,35097126,1.47E+18,Bristol,"Bishopston & Ashley Down",51.4865800,-2.5868800,"Private room",1
283,22695560,38361348,1.47E+18,Bristol,Ashley,51.4598400,-2.5842400,"Private room",1
284,22757193,168084304,1.46E+18,Bristol,Horfield,51.4913600,-2.5854600,"Private room",4
285,22772461,40312593,1.46E+18,Bristol,"St George Troopers Hill",51.4524700,-2.5358500,"Private room",1
286,22813790,28931720,1.47E+18,Bristol,Ashley,51.4635900,-2.5880700,"Private room",2
287,22862798,31918308,1.47E+18,Bristol,Redland,51.4779511,-2.5940070,"Entire home/apt",1
288,22935217,23763156,1.47E+18,Bristol,"Brislington West",51.4441400,-2.5662400,"Private room",1
289,22957469,105786022,1.47E+18,Bristol,Eastville,51.4743100,-2.5506500,"Private room",1
290,22977914,62911460,1.46E+18,Bristol,"Stoke Bishop",51.4865900,-2.6450500,"Private room",3
291,22984209,43800815,1.47E+18,Bristol,Southville,51.4426100,-2.6003800,"Entire home/apt",3
292,23003996,87714363,1.47E+18,Bristol,Cotham,51.4648400,-2.5905400,"Private room",2
293,23035878,170938785,1.47E+18,Bristol,"Frome Vale",51.4865500,-2.5472100,"Private room",1
294,23083602,15752742,1.46E+18,Bristol,"Lawrence Hill",51.4575996,-2.5783391,"Private room",1
295,23286595,173342713,1.47E+18,Bristol,"Clifton Down",51.4651800,-2.6074400,"Entire home/apt",1
296,23342066,50360874,1.47E+18,Bristol,Easton,51.4681800,-2.5543600,"Entire home/apt",1
297,23472825,6283356,1.46E+18,Bristol,"Windmill Hill",51.4369300,-2.5957000,"Entire home/apt",1
298,23658661,103965413,1.47E+18,Bristol,Central,51.4603600,-2.5935000,"Entire home/apt",6
299,23661864,46168566,1.47E+18,Bristol,Easton,51.4650200,-2.5549700,"Private room",1
300,23693305,65192629,1.46E+18,Bristol,"Clifton Down",51.4601060,-2.6111920,"Entire home/apt",141
301,23801196,90006015,1.47E+18,Bristol,Easton,51.4675700,-2.5620100,"Entire home/apt",1
302,23818554,178785177,1.47E+18,Bristol,Central,51.4638700,-2.5910300,"Entire home/apt",1
303,24006240,13999051,1.46E+18,Bristol,Ashley,51.4698900,-2.5797100,"Entire home/apt",1
304,24018580,32862540,1.46E+18,Bristol,Central,51.4545700,-2.5927600,"Entire home/apt",6
305,24055957,148942528,1.46E+18,Bristol,"St George Central",51.4666900,-2.5140500,"Entire home/apt",1
306,24147471,13648321,1.46E+18,Bristol,"St George Central",51.4622300,-2.5331500,"Entire home/apt",1
307,24212234,180921416,1.47E+18,Bristol,"St George Troopers Hill",51.4531100,-2.5360500,"Entire home/apt",1
308,24217586,65192629,1.46E+18,Bristol,Central,51.4499590,-2.5967540,"Private room",141
309,24218509,65192629,1.46E+18,Bristol,Central,51.4499590,-2.5967540,"Entire home/apt",141
310,24218715,65192629,1.46E+18,Bristol,Central,51.4506760,-2.5964010,"Entire home/apt",141
311,24219492,65192629,1.46E+18,Bristol,Central,51.4499590,-2.5967540,"Entire home/apt",141
312,24235090,21649042,1.46E+18,Bristol,Redland,51.4702300,-2.5937900,"Entire home/apt",1
313,24242456,4839930,1.46E+18,Bristol,"Bishopston & Ashley Down",51.4759200,-2.5844600,"Entire home/apt",1
314,24317219,168084304,1.46E+18,Bristol,Horfield,51.4909400,-2.5858900,"Private room",4
315,24333995,12543798,1.46E+18,Bristol,"Lawrence Hill",51.4568900,-2.5778200,"Private room",1
316,24456335,63388767,1.47E+18,Bristol,"Avonmouth & Lawrence Weston",51.4889700,-2.6725100,"Private room",2
317,24511799,15918759,1.46E+18,Bristol,"Windmill Hill",51.4383600,-2.5875000,"Entire home/apt",1
318,24552065,7659170,1.46E+18,Bristol,Ashley,51.4618163,-2.5847128,"Entire home/apt",1
319,24562587,185582135,1.46E+18,Bristol,Central,51.4569200,-2.5991600,"Entire home/apt",1
320,24711575,18414383,1.46E+18,Bristol,"Hotwells & Harbourside",51.4538300,-2.6057700,"Entire home/apt",2
321,24713264,8529673,1.46E+18,Bristol,Ashley,51.4673700,-2.5853600,"Entire home/apt",1
322,24722526,27909992,1.47E+18,Bristol,"St George Troopers Hill",51.4534600,-2.5345000,"Private room",1
323,24777669,156091437,1.47E+18,Bristol,Ashley,51.4719900,-2.5751100,"Entire home/apt",1
324,24890865,79009580,1.47E+18,Bristol,"Lawrence Hill",51.4574300,-2.5672900,"Private room",3
325,24892608,1455341,1.46E+18,Bristol,Central,51.4477300,-2.5928100,"Private room",2
326,25100991,90182477,1.47E+18,Bristol,"Westbury-on-Trym & Henleaze",51.4825400,-2.6013100,"Private room",2
327,25103488,79009580,1.47E+18,Bristol,"Lawrence Hill",51.4590600,-2.5650000,"Entire home/apt",3
328,25290797,32862540,1.46E+18,Bristol,Central,51.4552500,-2.5933900,"Entire home/apt",6
329,25384144,191647818,1.47E+18,Bristol,"Bishopston & Ashley Down",51.4815800,-2.5951300,"Private room",1
330,25416185,191845825,1.47E+18,Bristol,"Lawrence Hill",51.4672100,-2.5665500,"Private room",1
331,25527787,134817141,1.47E+18,Bristol,Ashley,51.4610800,-2.5885700,"Entire home/apt",1
332,25616612,98828449,1.47E+18,Bristol,Ashley,51.4683900,-2.5855700,"Entire home/apt",1
333,25623108,18742177,1.46E+18,Bristol,Central,51.4631300,-2.5921500,"Entire home/apt",1
334,25655924,20100235,1.46E+18,Bristol,"Windmill Hill",51.4391400,-2.5740900,"Private room",3
335,25901820,194649289,1.47E+18,Bristol,Ashley,51.4652900,-2.5880600,"Entire home/apt",1
336,25908808,576948358,1.47E+18,Bristol,Central,51.4516500,-2.5927100,"Entire home/apt",1
337,25967696,103965413,1.47E+18,Bristol,Central,51.4603600,-2.5935000,"Entire home/apt",6
338,25967724,103965413,1.47E+18,Bristol,Central,51.4595000,-2.5929300,"Entire home/apt",6
339,25989354,77638489,1.47E+18,Bristol,Cotham,51.4705300,-2.6082800,"Entire home/apt",1
340,25993128,103965413,1.47E+18,Bristol,Central,51.4603600,-2.5935000,"Entire home/apt",6
341,25993140,103965413,1.47E+18,Bristol,Central,51.4603600,-2.5935000,"Entire home/apt",6
342,25993302,103965413,1.47E+18,Bristol,Central,51.4603600,-2.5935000,"Entire home/apt",6
343,26027311,5732061,1.46E+18,Bristol,Ashley,51.4673600,-2.5799600,"Entire home/apt",1
344,26089261,195801714,1.47E+18,Bristol,"Clifton Down",51.4667000,-2.6134000,"Entire home/apt",1
345,26102421,20999681,1.46E+18,Bristol,Ashley,51.4730300,-2.5773900,"Private room",4
346,26162631,1293656,1.46E+18,Bristol,Cotham,51.4680700,-2.5967900,"Entire home/apt",1
347,26284104,197611990,1.47E+18,Bristol,Knowle,51.4315200,-2.5700700,"Private room",3
348,26322945,149091760,1.47E+18,Bristol,"Hotwells & Harbourside",51.4552000,-2.6057500,"Entire home/apt",1
349,26383914,197909305,1.47E+18,Bristol,Cotham,51.4686400,-2.6058600,"Entire home/apt",3
350,26635769,30487611,1.47E+18,Bristol,Redland,51.4748700,-2.5926200,"Entire home/apt",1
351,26703717,45194983,1.46E+18,Bristol,Cotham,51.4660900,-2.6055400,"Private room",1
352,26787293,200299279,1.47E+18,Bristol,Filwood,51.4214000,-2.5808300,"Private room",1
353,26875338,197611990,1.47E+18,Bristol,Knowle,51.4311200,-2.5689200,"Private room",3
354,26923669,57242974,1.47E+18,Bristol,Eastville,51.4731900,-2.5593600,"Private room",6
355,26956159,21641649,1.46E+18,Bristol,Ashley,51.4747100,-2.5891800,"Entire home/apt",1
356,26974173,201996822,1.47E+18,Bristol,"Clifton Down",51.4646600,-2.6172300,"Entire home/apt",4
357,26974850,201996822,1.47E+18,Bristol,"Clifton Down",51.4646600,-2.6172300,"Entire home/apt",4
358,27004486,199783633,1.47E+18,Bristol,"Hotwells & Harbourside",51.4546700,-2.6059300,"Entire home/apt",1
359,27017815,193429853,1.47E+18,Bristol,Eastville,51.4724900,-2.5543900,"Private room",1
360,27021221,19325448,1.46E+18,Bristol,"Stoke Bishop",51.4835800,-2.6416400,"Private room",1
361,27043484,53437015,1.47E+18,Bristol,"Windmill Hill",51.4392100,-2.5741700,"Private room",1
362,27071310,116218968,1.46E+18,Bristol,Ashley,51.4699200,-2.5887700,"Private room",2
363,27213583,79009580,1.47E+18,Bristol,"Lawrence Hill",51.4569400,-2.5654900,"Private room",3
364,27247059,25275287,1.47E+18,Bristol,"Stoke Bishop",51.4891600,-2.6362400,"Entire home/apt",1
365,27413399,14937519,1.46E+18,Bristol,Eastville,51.4739808,-2.5532332,"Entire home/apt",1
366,27564448,61530225,1.47E+18,Bristol,Bedminster,51.4335600,-2.6286600,"Private room",1
367,27576084,125651447,1.47E+18,Bristol,"Brislington West",51.4410800,-2.5609700,"Hotel room",67
368,27576492,125651447,1.47E+18,Bristol,"Brislington West",51.4416400,-2.5591200,"Entire home/apt",67
369,27576748,125651447,1.47E+18,Bristol,"Brislington West",51.4408400,-2.5595600,"Entire home/apt",67
370,27587231,125651447,1.47E+18,Bristol,"Brislington West",51.4446200,-2.5543900,"Entire home/apt",67
371,27622534,360195,1.46E+18,Bristol,"Windmill Hill",51.4401300,-2.5908400,"Private room",5
372,27778328,141893469,1.47E+18,Bristol,Ashley,51.4601600,-2.5879000,"Entire home/apt",1
373,27830397,15363066,1.46E+18,Bristol,Clifton,51.4546900,-2.6224100,"Private room",1
374,27849133,210321255,1.47E+18,Bristol,"Clifton Down",51.4629100,-2.6129900,"Entire home/apt",1
375,28007880,211534713,1.46E+18,Bristol,Lockleaze,51.4860100,-2.5664900,"Private room",1
376,28039798,3418651,1.46E+18,Bristol,Redland,51.4754100,-2.5969500,"Entire home/apt",1
377,28171946,60127103,1.47E+18,Bristol,Cotham,51.4678800,-2.5936300,"Entire home/apt",1
378,28243731,48681911,1.47E+18,Bristol,"Bishopston & Ashley Down",51.4758300,-2.5906100,"Private room",1
379,28253368,93489115,1.47E+18,Bristol,Eastville,51.4777400,-2.5390300,"Entire home/apt",1
380,28384744,214294715,1.47E+18,Bristol,"St George West",51.4599900,-2.5528200,"Entire home/apt",1
381,28516856,149596133,1.47E+18,Bristol,Cotham,51.4615700,-2.6015400,"Private room",3
382,28635166,12917949,1.46E+18,Bristol,Southville,51.4417900,-2.6036900,"Entire home/apt",1
383,28731987,16091010,1.46E+18,Bristol,"Westbury-on-Trym & Henleaze",51.4905700,-2.6019200,"Private room",1
384,29087234,43873674,1.47E+18,Bristol,"Bishopston & Ashley Down",51.4753200,-2.5876100,"Private room",1
385,29432972,65681357,1.47E+18,Bristol,Lockleaze,51.4949493,-2.5665030,"Private room",5
386,29433850,143390860,1.47E+18,Bristol,Clifton,51.4520500,-2.6232000,"Private room",3
387,29530787,87714363,1.47E+18,Bristol,Cotham,51.4637700,-2.5917800,"Private room",2
388,29541041,64553182,1.47E+18,Bristol,"Bishopston & Ashley Down",51.4817200,-2.5841500,"Private room",1
389,29621715,171178909,1.47E+18,Bristol,"Avonmouth & Lawrence Weston",51.5030800,-2.6536200,"Entire home/apt",1
390,29767400,53674345,1.47E+18,Bristol,Ashley,51.4634600,-2.5864900,"Entire home/apt",1
391,29878335,27540782,1.46E+18,Bristol,Southville,51.4438900,-2.6064100,"Private room",3
392,29905529,32515363,1.47E+18,Bristol,"St George West",51.4584600,-2.5534000,"Private room",3
393,29906542,32515363,1.47E+18,Bristol,"St George West",51.4602400,-2.5526100,"Private room",3
394,29980982,35116208,1.46E+18,Bristol,"Lawrence Hill",51.4627400,-2.5682700,"Private room",4
395,30040039,219288156,1.46E+18,Bristol,Ashley,51.4684900,-2.5829700,"Private room",1
396,30063807,32862540,1.46E+18,Bristol,Eastville,51.4735300,-2.5514300,"Entire home/apt",6
397,30142663,65192629,1.46E+18,Bristol,"Clifton Down",51.4625500,-2.6148300,"Private room",141
398,30144539,65192629,1.46E+18,Bristol,"Clifton Down",51.4625500,-2.6148300,"Private room",141
399,30192770,65192629,1.46E+18,Bristol,Clifton,51.4625100,-2.6170000,"Private room",141
400,30192991,65192629,1.46E+18,Bristol,"Clifton Down",51.4625500,-2.6148300,"Private room",141
401,30193144,65192629,1.46E+18,Bristol,"Clifton Down",51.4625500,-2.6148300,"Private room",141
402,30223714,159121005,1.47E+18,Bristol,"Windmill Hill",51.4394000,-2.5872800,"Entire home/apt",1
403,30308613,227623232,1.47E+18,Bristol,"Lawrence Hill",51.4517700,-2.5799800,"Entire home/apt",2
404,30398903,73802134,1.47E+18,Bristol,"Brislington West",51.4395000,-2.5525800,"Entire home/apt",1
405,30401303,86890207,1.47E+18,Bristol,"Bishopston & Ashley Down",51.4833200,-2.5812500,"Private room",1
406,30420115,23560849,1.46E+18,Bristol,Eastville,51.4774500,-2.5566800,"Entire home/apt",2
407,30464483,3209298,1.46E+18,Bristol,Southville,51.4423200,-2.6108600,"Entire home/apt",1
408,30557879,35626375,1.47E+18,Bristol,Eastville,51.4725400,-2.5428500,"Entire home/apt",1
409,30702039,11788371,1.46E+18,Bristol,Southmead,51.5058900,-2.5956200,"Entire home/apt",1
410,30760761,13748323,1.46E+18,Bristol,"Westbury-on-Trym & Henleaze",51.4780800,-2.6145000,"Entire home/apt",1
411,30760891,178961162,1.47E+18,Bristol,"St George West",51.4641500,-2.5445000,"Entire home/apt",1
412,30818520,197611990,1.47E+18,Bristol,Knowle,51.4317900,-2.5694100,"Private room",3
413,30880692,70042478,1.46E+18,Bristol,Central,51.4622500,-2.6072600,"Entire home/apt",1
414,31058068,203069597,1.47E+18,Bristol,Central,51.4554200,-2.5977300,"Entire home/apt",1
415,31290151,9172761,1.46E+18,Bristol,Clifton,51.4558200,-2.6110100,"Entire home/apt",1
416,31304967,234306227,1.47E+18,Bristol,Ashley,51.4642200,-2.5853600,"Entire home/apt",1
417,31454348,207026011,1.46E+18,Bristol,Southville,51.4450700,-2.6055400,"Private room",1
418,31505243,77234180,1.47E+18,Bristol,Central,51.4528300,-2.5959900,"Entire home/apt",1
419,31554076,14087241,1.46E+18,Bristol,"Henbury & Brentry",51.5049200,-2.6220100,"Entire home/apt",1
420,31740188,236481623,1.47E+18,Bristol,Ashley,51.4607800,-2.5905000,"Entire home/apt",48
421,31791712,238258865,1.47E+18,Bristol,Ashley,51.4594600,-2.5850400,"Entire home/apt",1
422,31795832,65192629,1.46E+18,Bristol,"Clifton Down",51.4625200,-2.6147300,"Entire home/apt",141
423,31796234,51686051,1.47E+18,Bristol,"Avonmouth & Lawrence Weston",51.4905400,-2.6777700,"Entire home/apt",27
424,31952623,68684564,1.47E+18,Bristol,Redland,51.4720300,-2.5962800,"Entire home/apt",1
425,31976664,65192629,1.46E+18,Bristol,Clifton,51.4559400,-2.6146140,"Entire home/apt",141
426,31986243,54458332,1.47E+18,Bristol,Ashley,51.4677800,-2.5826300,"Entire home/apt",1
427,32288245,100890506,1.46E+18,Bristol,Cotham,51.4640579,-2.5985079,"Private room",3
428,32288430,100890506,1.46E+18,Bristol,Cotham,51.4640600,-2.5985100,"Private room",3
429,32310759,242554151,1.47E+18,Bristol,"Windmill Hill",51.4396200,-2.5792900,"Private room",1
430,32330644,95156661,1.47E+18,Bristol,Lockleaze,51.4873848,-2.5671351,"Private room",2
431,32349932,197909305,1.47E+18,Bristol,Cotham,51.4686600,-2.6043500,"Private room",3
432,32351591,197909305,1.47E+18,Bristol,Cotham,51.4701500,-2.6046500,"Private room",3
433,32471652,83768162,1.47E+18,Bristol,Horfield,51.4905200,-2.5874400,"Private room",4
434,32484335,216097975,1.47E+18,Bristol,Easton,51.4675100,-2.5643100,"Private room",2
435,32506577,19730543,1.46E+18,Bristol,"Brislington West",51.4404500,-2.5532800,"Private room",1
436,32512839,244295459,1.47E+18,Bristol,"Lawrence Hill",51.4558800,-2.5831500,"Entire home/apt",1
437,32523240,6410293,1.46E+18,Bristol,Easton,51.4623800,-2.5588000,"Entire home/apt",2
438,32548284,244585989,1.47E+18,Bristol,"Clifton Down",51.4700200,-2.6097900,"Private room",1
439,32780334,52701992,1.46E+18,Bristol,"Avonmouth & Lawrence Weston",51.4849300,-2.6740000,"Private room",2
440,32835191,52701992,1.46E+18,Bristol,"Avonmouth & Lawrence Weston",51.4837500,-2.6743100,"Entire home/apt",2
441,33085525,12535455,1.46E+18,Bristol,"Bishopston & Ashley Down",51.4840500,-2.5831100,"Entire home/apt",1
442,33111243,32515363,1.47E+18,Bristol,"St George West",51.4600700,-2.5518700,"Private room",3
443,33266492,22299882,1.46E+18,Bristol,"Lawrence Hill",51.4663800,-2.5675200,"Private room",1
444,33266828,249032323,1.47E+18,Bristol,"Clifton Down",51.4611800,-2.6094600,"Entire home/apt",1
445,33291040,104129631,1.47E+18,Bristol,"St George Troopers Hill",51.4542900,-2.5322600,"Entire home/apt",1
446,33307058,10315523,1.46E+18,Bristol,Clifton,51.4567200,-2.6149000,"Entire home/apt",1
447,33309577,109506458,1.47E+18,Bristol,Eastville,51.4782300,-2.5399300,"Entire home/apt",2
448,33361823,251312494,1.47E+18,Bristol,"Avonmouth & Lawrence Weston",51.4935700,-2.6795100,"Entire home/apt",1
450,33384562,125651447,1.47E+18,Bristol,"Lawrence Hill",51.4469300,-2.5748600,"Entire home/apt",67
451,33388257,125651447,1.47E+18,Bristol,"Lawrence Hill",51.4465000,-2.5762600,"Entire home/apt",67
452,33388505,125651447,1.47E+18,Bristol,"Lawrence Hill",51.4476600,-2.5759300,"Entire home/apt",67
453,33389220,8410742,1.46E+18,Bristol,Knowle,51.4360000,-2.5675300,"Private room",1
454,33605960,216097975,1.47E+18,Bristol,Easton,51.4675800,-2.5636700,"Entire home/apt",2
455,33616612,51686051,1.47E+18,Bristol,Cotham,51.4657860,-2.5998810,"Entire home/apt",27
456,34006701,28491567,1.47E+18,Bristol,Ashley,51.4688300,-2.5756800,"Entire home/apt",1
457,34008302,234694654,1.46E+18,Bristol,"Frome Vale",51.4922900,-2.5210300,"Private room",1
458,34038112,257017414,1.47E+18,Bristol,Filwood,51.4319500,-2.5989600,"Private room",1
459,34047417,109506458,1.47E+18,Bristol,Eastville,51.4778500,-2.5399300,"Private room",2
460,34057880,164934575,1.47E+18,Bristol,"Clifton Down",51.4669600,-2.6086900,"Entire home/apt",17
461,34168114,60611927,1.47E+18,Bristol,Central,51.4535500,-2.5882000,"Entire home/apt",3
462,34242088,31202667,1.47E+18,Bristol,Clifton,51.4566100,-2.6172600,"Entire home/apt",1
463,34375869,60695590,1.47E+18,Bristol,"Windmill Hill",51.4421200,-2.5795200,"Entire home/apt",1
464,34477631,260249073,1.46E+18,Bristol,Filwood,51.4288940,-2.5932100,"Private room",1
465,34505914,260432780,1.47E+18,Bristol,"St George West",51.4592400,-2.5413600,"Private room",1
466,34566626,125651447,1.47E+18,Bristol,Cotham,51.4627200,-2.6019700,"Entire home/apt",67
467,34584604,125651447,1.47E+18,Bristol,Cotham,51.4629200,-2.6012100,"Entire home/apt",67
468,34584845,125651447,1.47E+18,Bristol,Cotham,51.4627700,-2.6003900,"Entire home/apt",67
469,34584887,125651447,1.47E+18,Bristol,Cotham,51.4620000,-2.6019500,"Entire home/apt",67
470,34602703,2908382,1.46E+18,Bristol,Cotham,51.4648600,-2.5921000,"Entire home/apt",5
471,34708584,261770998,1.46E+18,Bristol,Horfield,51.4940200,-2.5786700,"Private room",2
472,34960416,263414949,1.47E+18,Bristol,Cotham,51.4664300,-2.6008600,"Private room",1
473,35141531,125651447,1.47E+18,Bristol,Cotham,51.4627000,-2.6023800,"Entire home/apt",67
474,35145131,125651447,1.47E+18,Bristol,Central,51.4617600,-2.6031500,"Entire home/apt",67
475,35149961,125651447,1.47E+18,Bristol,Cotham,51.4635100,-2.6029100,"Entire home/apt",67
476,35153861,125651447,1.47E+18,Bristol,Cotham,51.4626600,-2.6037000,"Entire home/apt",67
477,35265468,63388767,1.47E+18,Bristol,"Avonmouth & Lawrence Weston",51.4889600,-2.6725300,"Private room",2
478,35286646,265666736,1.46E+18,Bristol,Lockleaze,51.4858900,-2.5674100,"Entire home/apt",1
479,35293612,56484739,1.47E+18,Bristol,Redland,51.4769100,-2.5985200,"Entire home/apt",1
480,35396837,13941584,1.46E+18,Bristol,Easton,51.4587567,-2.5560008,"Entire home/apt",2
481,35403723,44734831,1.46E+18,Bristol,Clifton,51.4595200,-2.6163700,"Entire home/apt",3
482,35533326,77107257,1.47E+18,Bristol,Bedminster,51.4393200,-2.6077200,"Entire home/apt",1
483,35591504,65192629,1.46E+18,Bristol,"Westbury-on-Trym & Henleaze",51.4808120,-2.6053100,"Entire home/apt",141
484,35592702,65192629,1.46E+18,Bristol,"Westbury-on-Trym & Henleaze",51.4808120,-2.6053100,"Entire home/apt",141
485,35594330,65192629,1.46E+18,Bristol,"Westbury-on-Trym & Henleaze",51.4798810,-2.6061250,"Entire home/apt",141
486,35675717,43913097,1.47E+18,Bristol,Clifton,51.4574200,-2.6165800,"Entire home/apt",1
487,35734506,9267640,1.46E+18,Bristol,Clifton,51.4519600,-2.6248100,"Entire home/apt",1
488,35760337,7831836,1.46E+18,Bristol,"Frome Vale",51.4819400,-2.5362600,"Private room",1
489,35950501,44194705,1.47E+18,Bristol,"Windmill Hill",51.4443500,-2.5802800,"Entire home/apt",1
490,36095209,27954975,1.47E+18,Bristol,Central,51.4534900,-2.5929300,"Entire home/apt",2
491,36136866,79986722,1.47E+18,Bristol,Ashley,51.4619200,-2.5854200,"Entire home/apt",1
492,36254645,242316855,1.47E+18,Bristol,"St George Central",51.4630100,-2.5337500,"Entire home/apt",3
493,36266662,40729479,1.46E+18,Bristol,Ashley,51.4695300,-2.5882100,"Entire home/apt",1
494,36327407,122166170,1.47E+18,Bristol,Clifton,51.4656900,-2.6197500,"Entire home/apt",4
495,36379273,1630718,1.46E+18,Bristol,Filwood,51.4256900,-2.5865800,"Private room",1
496,36477018,24760810,1.47E+18,Bristol,Eastville,51.4773300,-2.5387800,"Entire home/apt",2
497,36558333,47836893,1.47E+18,Bristol,Knowle,51.4363400,-2.5725800,"Entire home/apt",2
498,36600421,28931720,1.47E+18,Bristol,Ashley,51.4645500,-2.5889100,"Entire home/apt",2
499,36623399,65192629,1.46E+18,Bristol,"Lawrence Hill",51.4559520,-2.5791420,"Entire home/apt",141
500,36755776,276267811,1.47E+18,Bristol,Central,51.4542500,-2.5951200,"Entire home/apt",1
501,36836671,276863622,1.47E+18,Bristol,Redland,51.4761400,-2.5945500,"Entire home/apt",1
502,36876601,17042029,1.46E+18,Bristol,Cotham,51.4649300,-2.6010400,"Private room",1
503,36968595,40474073,1.47E+18,Bristol,"Windmill Hill",51.4421400,-2.5797700,"Private room",1
504,37183208,27375595,1.47E+18,Bristol,"Windmill Hill",51.4393900,-2.5756900,"Entire home/apt",1
505,37230992,19436350,1.46E+18,Bristol,Clifton,51.4545000,-2.6120400,"Entire home/apt",2
506,37244218,29126981,1.47E+18,Bristol,Bedminster,51.4395200,-2.6037900,"Entire home/apt",1
507,37244950,126944043,1.47E+18,Bristol,Central,51.4610400,-2.5936400,"Entire home/apt",2
508,37267843,244565378,1.47E+18,Bristol,"Frome Vale",51.4875000,-2.5507800,"Private room",1
509,37283863,126944043,1.47E+18,Bristol,"Hengrove & Whitchurch Park",51.4166600,-2.5666400,"Entire home/apt",2
510,37483548,3138136,1.46E+18,Bristol,Filwood,51.4299900,-2.5998100,"Entire home/apt",1
511,37509637,16495480,1.46E+18,Bristol,Ashley,51.4696100,-2.5870000,"Entire home/apt",2
512,37626311,125651447,1.47E+18,Bristol,Clifton,51.4565500,-2.6102100,"Entire home/apt",67
513,37626970,125651447,1.47E+18,Bristol,Clifton,51.4566600,-2.6096500,"Entire home/apt",67
514,37627244,125651447,1.47E+18,Bristol,Clifton,51.4572600,-2.6110400,"Entire home/apt",67
515,37627386,3187849,1.46E+18,Bristol,Central,51.4576000,-2.5861900,"Entire home/apt",1
516,37627692,125651447,1.47E+18,Bristol,Clifton,51.4552200,-2.6099000,"Entire home/apt",67
517,37672505,61538404,1.47E+18,Bristol,Easton,51.4677700,-2.5592500,"Entire home/apt",2
518,37673308,56069608,1.47E+18,Bristol,"Clifton Down",51.4613700,-2.6105900,"Entire home/apt",2
519,37748115,54559330,1.47E+18,Bristol,Ashley,51.4650393,-2.5834894,"Entire home/apt",4
520,37791166,36520436,1.47E+18,Bristol,Ashley,51.4690600,-2.5930000,"Entire home/apt",1
521,37932575,122166170,1.47E+18,Bristol,Clifton,51.4534600,-2.6205600,"Entire home/apt",4
522,37988045,75584315,1.47E+18,Bristol,Southville,51.4393200,-2.6002200,"Entire home/apt",1
523,38016528,86598946,1.46E+18,Bristol,"St George Troopers Hill",51.4521900,-2.5354000,"Private room",1
524,38090628,289105986,1.47E+18,Bristol,Cotham,51.4698100,-2.6061100,"Private room",2
525,38199615,334463763,1.61E+18,Bristol,"Brislington East",51.4509500,-2.5368100,"Entire home/apt",1
526,38550017,13829804,1.46E+18,Bristol,Central,51.4559700,-2.5982500,"Private room",1
527,38965543,8791388,1.46E+18,Bristol,Southville,51.4425600,-2.6000000,"Entire home/apt",1
528,39110205,74829636,1.46E+18,Bristol,Southmead,51.4998200,-2.6056400,"Entire home/apt",2
530,39140876,168084304,1.46E+18,Bristol,Horfield,51.4902500,-2.5842100,"Private room",4
531,39186090,3811403,1.46E+18,Bristol,"Windmill Hill",51.4409056,-2.5782493,"Entire home/apt",1
532,39364639,33011068,1.46E+18,Bristol,Central,51.4546800,-2.5854000,"Private room",1
533,39500091,303446902,1.47E+18,Bristol,Clifton,51.4522000,-2.6228500,"Entire home/apt",1
534,39545681,201996822,1.47E+18,Bristol,"Clifton Down",51.4652200,-2.6178600,"Entire home/apt",4
535,39626441,289105986,1.47E+18,Bristol,Cotham,51.4715400,-2.6081300,"Private room",2
536,39671346,69504975,1.47E+18,Bristol,Horfield,51.4893800,-2.5831300,"Entire home/apt",1
537,39807999,1884642,1.46E+18,Bristol,"Clifton Down",51.4596500,-2.6099800,"Private room",1
538,39820474,306353963,1.47E+18,Bristol,"Avonmouth & Lawrence Weston",51.4956800,-2.6482700,"Entire home/apt",2
539,39914300,125651447,1.47E+18,Bristol,Clifton,51.4569400,-2.6104900,"Entire home/apt",67
540,39914485,125651447,1.47E+18,Bristol,Clifton,51.4571200,-2.6096300,"Entire home/apt",67
541,40056112,85721135,1.47E+18,Bristol,Ashley,51.4601800,-2.5874100,"Private room",1
542,40063334,6485066,1.46E+18,Bristol,Easton,51.4679300,-2.5539000,"Entire home/apt",1
543,40089334,152325136,1.47E+18,Bristol,"Westbury-on-Trym & Henleaze",51.4857800,-2.6184100,"Entire home/apt",2
544,40090075,152325136,1.47E+18,Bristol,"Westbury-on-Trym & Henleaze",51.4864198,-2.6179252,"Entire home/apt",2
545,40090231,309329008,1.47E+18,Bristol,Filwood,51.4203000,-2.5836300,"Private room",1
546,40100514,90733634,1.47E+18,Bristol,Ashley,51.4613100,-2.5853900,"Entire home/apt",2
547,40129335,37348515,1.47E+18,Bristol,Ashley,51.4690400,-2.5753200,"Entire home/apt",1
548,40155380,17063914,1.46E+18,Bristol,Southville,51.4449730,-2.6088381,"Entire home/apt",1
549,40168473,101365220,1.46E+18,Bristol,"Hotwells & Harbourside",51.4534900,-2.6045700,"Entire home/apt",1
550,40232296,13941584,1.46E+18,Bristol,Easton,51.4593200,-2.5552700,"Entire home/apt",2
552,40345454,96026807,1.47E+18,Bristol,Bedminster,51.4387600,-2.6116700,"Entire home/apt",1
553,40363536,4512624,1.46E+18,Bristol,Hillfields,51.4670800,-2.5249100,"Entire home/apt",1
554,40369082,91623818,1.46E+18,Bristol,"Henbury & Brentry",51.5123300,-2.6165300,"Entire home/apt",2
555,40434257,27324664,1.47E+18,Bristol,Knowle,51.4370600,-2.5636700,"Entire home/apt",2
556,40519320,51686051,1.47E+18,Bristol,"Clifton Down",51.4608600,-2.6091800,"Entire home/apt",27
557,40520829,173525772,1.46E+18,Bristol,"Avonmouth & Lawrence Weston",51.4964800,-2.6923300,"Private room",1
558,40537371,62076962,1.47E+18,Bristol,Southmead,51.5027500,-2.6055400,"Entire home/apt",1
559,40558723,18080188,1.46E+18,Bristol,Ashley,51.4680900,-2.5857800,"Private room",1
560,40719136,26800619,1.47E+18,Bristol,"Bishopston & Ashley Down",51.4840900,-2.5822100,"Entire home/apt",2
561,40776222,76074723,1.47E+18,Bristol,Ashley,51.4690500,-2.5735700,"Private room",13
562,40792729,317038429,1.46E+18,Bristol,Clifton,51.4569000,-2.6182300,"Entire home/apt",1
563,40803098,40953779,1.47E+18,Bristol,Ashley,51.4614500,-2.5859000,"Entire home/apt",2
564,40813734,47091090,1.46E+18,Bristol,Southville,51.4426400,-2.6036900,"Entire home/apt",1
565,40837090,236481623,1.47E+18,Bristol,"Lawrence Hill",51.4582300,-2.5777500,"Entire home/apt",48
566,40856138,76074723,1.47E+18,Bristol,Ashley,51.4703400,-2.5743300,"Private room",13
567,40856165,76074723,1.47E+18,Bristol,Ashley,51.4704900,-2.5725500,"Private room",13
568,41259723,51838890,1.47E+18,Bristol,Bedminster,51.4427330,-2.6293360,"Entire home/apt",1
569,41260910,323978951,1.46E+18,Bristol,"Clifton Down",51.4673300,-2.6124100,"Entire home/apt",1
570,41332019,9250957,1.46E+18,Bristol,Ashley,51.4681200,-2.5815300,"Entire home/apt",1
572,41430528,12730318,1.46E+18,Bristol,"Frome Vale",51.4823300,-2.5261000,"Entire home/apt",1
573,41445443,16630323,1.46E+18,Bristol,Lockleaze,51.4981300,-2.5715000,"Entire home/apt",22
574,41494662,22855996,1.46E+18,Bristol,Bedminster,51.4360400,-2.6108200,"Private room",1
575,41628015,101945164,1.47E+18,Bristol,Ashley,51.4703100,-2.5882500,"Entire home/apt",1
576,41715835,252950336,1.47E+18,Bristol,"Westbury-on-Trym & Henleaze",51.4901600,-2.6036800,"Private room",2
577,41853950,24760810,1.47E+18,Bristol,Eastville,51.4786400,-2.5382600,"Entire home/apt",2
578,41946820,5232963,1.46E+18,Bristol,Easton,51.4646100,-2.5597100,"Private room",1
579,41959327,83768162,1.47E+18,Bristol,Horfield,51.4913400,-2.5889700,"Private room",4
580,41970836,156809686,1.47E+18,Bristol,Eastville,51.4738900,-2.5582300,"Private room",1
581,41994947,252950336,1.47E+18,Bristol,"Westbury-on-Trym & Henleaze",51.4904600,-2.6030800,"Private room",2
582,42038513,333150984,1.47E+18,Bristol,"Clifton Down",51.4701800,-2.6154600,"Entire home/apt",4
583,42107283,18677372,1.46E+18,Bristol,Knowle,51.4310400,-2.5720900,"Private room",2
584,42225538,57612220,1.47E+18,Bristol,Lockleaze,51.4821600,-2.5739700,"Entire home/apt",2
585,42261018,335421429,1.47E+18,Bristol,"Clifton Down",51.4656000,-2.6174800,"Entire home/apt",1
586,42326202,2908382,1.46E+18,Bristol,Cotham,51.4653100,-2.5926500,"Entire home/apt",5
587,42332840,212855973,1.47E+18,Bristol,Filwood,51.4293300,-2.5895100,"Private room",1
588,42342835,20517955,1.46E+18,Bristol,Ashley,51.4650000,-2.5891200,"Entire home/apt",1
589,42380549,93212926,1.46E+18,Bristol,Ashley,51.4671200,-2.5758600,"Private room",2
590,42420843,93212926,1.46E+18,Bristol,Ashley,51.4679400,-2.5789700,"Private room",2
591,42515110,338576573,1.47E+18,Bristol,Ashley,51.4659055,-2.5830213,"Entire home/apt",8
592,42532128,333096111,1.47E+18,Bristol,"Brislington West",51.4438100,-2.5641700,"Entire home/apt",1
593,42683363,135223045,1.46E+18,Bristol,Southmead,51.5026600,-2.5991800,"Private room",2
594,42690375,333150984,1.47E+18,Bristol,"Clifton Down",51.4701400,-2.6156300,"Entire home/apt",4
595,42783611,82491365,1.46E+18,Bristol,Redland,51.4798100,-2.5934900,"Entire home/apt",1
596,42786066,62237131,1.47E+18,Bristol,Bishopsworth,51.4246300,-2.6115600,"Private room",1
597,42913036,139825215,1.47E+18,Bristol,Lockleaze,51.4933800,-2.5750000,"Private room",1
598,42938607,7607380,1.46E+18,Bristol,"Hotwells & Harbourside",51.4474700,-2.6035800,"Entire home/apt",2
599,42949341,65192629,1.46E+18,Bristol,Cotham,51.4691930,-2.6047770,"Entire home/apt",141
600,42951726,83768162,1.47E+18,Bristol,Horfield,51.4907900,-2.5861800,"Private room",4
601,43176437,121865535,1.47E+18,Bristol,Central,51.4559800,-2.5919500,"Entire home/apt",3
602,43429783,213692960,1.47E+18,Bristol,Central,51.4563300,-2.6057500,"Entire home/apt",1
603,43513170,47028881,1.47E+18,Bristol,Central,51.4472500,-2.5933900,"Entire home/apt",1
604,43553873,333150984,1.47E+18,Bristol,"Clifton Down",51.4698700,-2.6148800,"Entire home/apt",4
605,43710616,1652776,1.46E+18,Bristol,Redland,51.4732200,-2.6028000,"Entire home/apt",1
606,43826937,236481623,1.47E+18,Bristol,"Lawrence Hill",51.4562900,-2.5775900,"Entire home/apt",48
607,43982957,7359927,1.46E+18,Bristol,Ashley,51.4607200,-2.5866500,"Entire home/apt",1
608,44079705,27746846,1.47E+18,Bristol,Horfield,51.5014400,-2.5912400,"Entire home/apt",1
609,44091501,24299197,1.47E+18,Bristol,Cotham,51.4650700,-2.6027200,"Entire home/apt",2
610,44098413,121865535,1.47E+18,Bristol,Central,51.4563200,-2.5915500,"Entire home/apt",3
611,44288816,18677372,1.46E+18,Bristol,Knowle,51.4309800,-2.5698800,"Private room",2
612,44302156,357238006,1.47E+18,Bristol,Easton,51.4675700,-2.5558500,"Private room",1
613,44310392,333150984,1.47E+18,Bristol,"Clifton Down",51.4693000,-2.6167400,"Entire home/apt",4
614,44348593,65192629,1.46E+18,Bristol,"Clifton Down",51.4633429,-2.6099563,"Entire home/apt",141
615,44369739,65192629,1.46E+18,Bristol,"Clifton Down",51.4633429,-2.6099563,"Entire home/apt",141
616,44369953,65192629,1.46E+18,Bristol,"Clifton Down",51.4633429,-2.6099563,"Entire home/apt",141
617,44370086,65192629,1.46E+18,Bristol,"Clifton Down",51.4633429,-2.6099563,"Entire home/apt",141
618,44384310,29674675,1.47E+18,Bristol,Redland,51.4772500,-2.5917900,"Private room",2
619,44385020,358137516,1.47E+18,Bristol,Clifton,51.4581800,-2.6161200,"Entire home/apt",1
620,44388002,143390860,1.47E+18,Bristol,Clifton,51.4520600,-2.6211500,"Entire home/apt",3
621,44405518,60647444,1.46E+18,Bristol,"Hartcliffe & Withywood",51.4025200,-2.6000800,"Private room",1
622,44425573,46931021,1.47E+18,Bristol,Easton,51.4678400,-2.5582400,"Private room",2
623,44426766,296025414,1.47E+18,Bristol,Clifton,51.4523200,-2.6221800,"Entire home/apt",1
624,44428353,4221490,1.46E+18,Bristol,Central,51.4543300,-2.5934800,"Entire home/apt",4
625,44456870,226540809,1.47E+18,Bristol,Bishopsworth,51.4285200,-2.6105400,"Private room",1
626,44511727,359950028,1.47E+18,Bristol,Ashley,51.4615400,-2.5859800,"Entire home/apt",2
627,44610315,49552186,1.47E+18,Bristol,Cotham,51.4711300,-2.6095000,"Entire home/apt",4
628,44988856,25295818,1.46E+18,Bristol,"Hotwells & Harbourside",51.4501300,-2.6070000,"Entire home/apt",1
629,45095957,65192629,1.46E+18,Bristol,"Clifton Down",51.4633789,-2.6096389,"Entire home/apt",141
630,45264570,14153300,1.46E+18,Bristol,Ashley,51.4665400,-2.5855900,"Entire home/apt",1
631,45279689,65192629,1.46E+18,Bristol,"Clifton Down",51.4633429,-2.6099563,"Entire home/apt",141
632,45283902,236481623,1.47E+18,Bristol,Cotham,51.4700400,-2.6073000,"Entire home/apt",48
633,45284159,236481623,1.47E+18,Bristol,Cotham,51.4713400,-2.6078800,"Entire home/apt",48
634,45315639,36771178,1.47E+18,Bristol,Easton,51.4640800,-2.5549500,"Entire home/apt",1
635,45326472,60920298,1.47E+18,Bristol,Southville,51.4433800,-2.6105000,"Private room",1
636,45344222,21456586,1.46E+18,Bristol,Redland,51.4703700,-2.6054900,"Entire home/apt",1
637,45344867,52991638,1.47E+18,Bristol,Ashley,51.4727855,-2.5897155,"Private room",1
638,45420293,164934575,1.47E+18,Bristol,Central,51.4528100,-2.5966300,"Entire home/apt",17
639,45434492,39358353,1.47E+18,Bristol,"Brislington West",51.4312000,-2.5467700,"Private room",2
640,45468130,164934575,1.47E+18,Bristol,Cotham,51.4679700,-2.5925600,"Entire home/apt",17
641,45468490,123465132,1.47E+18,Bristol,"Lawrence Hill",51.4539500,-2.5804500,"Private room",1
642,45475028,225439413,1.47E+18,Bristol,"Avonmouth & Lawrence Weston",51.5044700,-2.6485800,"Private room",2
643,45479531,331297556,1.47E+18,Bristol,"Westbury-on-Trym & Henleaze",51.4909000,-2.6169700,"Entire home/apt",1
644,45488691,16630323,1.46E+18,Bristol,Southville,51.4454990,-2.6099510,"Entire home/apt",22
645,45490304,65192629,1.46E+18,Bristol,Easton,51.4660759,-2.5630310,"Entire home/apt",141
646,45490581,65192629,1.46E+18,Bristol,Easton,51.4660760,-2.5630310,"Entire home/apt",141
647,45490980,65192629,1.46E+18,Bristol,Easton,51.4660760,-2.5630310,"Entire home/apt",141
648,45491272,65192629,1.46E+18,Bristol,Easton,51.4660760,-2.5630310,"Entire home/apt",141
649,45491843,65192629,1.46E+18,Bristol,Easton,51.4660760,-2.5630310,"Entire home/apt",141
650,45522018,65192629,1.46E+18,Bristol,Easton,51.4660760,-2.5630310,"Entire home/apt",141
651,45522164,65192629,1.46E+18,Bristol,Easton,51.4660760,-2.5630310,"Entire home/apt",141
652,45522292,65192629,1.46E+18,Bristol,Easton,51.4660760,-2.5630310,"Entire home/apt",141
653,45522386,65192629,1.46E+18,Bristol,Easton,51.4660760,-2.5630310,"Entire home/apt",141
654,45662505,227623232,1.47E+18,Bristol,"Lawrence Hill",51.4530100,-2.5806000,"Entire home/apt",2
655,45688174,370173605,1.47E+18,Bristol,Redland,51.4799700,-2.5998100,"Private room",1
656,45696130,125651447,1.47E+18,Bristol,Southville,51.4441600,-2.5999400,"Entire home/apt",67
657,45696164,118333483,1.47E+18,Bristol,Southville,51.4432100,-2.6124300,"Entire home/apt",1
658,45738304,19404394,1.46E+18,Bristol,"Hotwells & Harbourside",51.4519700,-2.6037800,"Entire home/apt",6
659,45751935,76074723,1.47E+18,Bristol,Central,51.4494200,-2.5925800,"Entire home/apt",13
660,45820078,95156661,1.47E+18,Bristol,Lockleaze,51.4866500,-2.5666200,"Entire home/apt",2
661,45824397,3725764,1.46E+18,Bristol,"Clifton Down",51.4578000,-2.6124400,"Entire home/apt",1
662,45855089,16630323,1.46E+18,Bristol,"Windmill Hill",51.4373600,-2.5843400,"Entire home/apt",22
663,45861435,27228235,1.46E+18,Bristol,"Stoke Bishop",51.4812300,-2.6265500,"Entire home/apt",1
664,45925141,16492448,1.46E+18,Bristol,Horfield,51.4907400,-2.5789800,"Private room",1
665,45938001,2908382,1.46E+18,Bristol,Cotham,51.4655900,-2.5908300,"Entire home/apt",5
666,45975227,90733634,1.47E+18,Bristol,Ashley,51.4617400,-2.5858700,"Entire home/apt",2
667,46043044,6456324,1.46E+18,Bristol,Knowle,51.4380700,-2.5661000,"Private room",2
668,46079085,53057250,1.46E+18,Bristol,Lockleaze,51.4741554,-2.5728071,"Private room",2
669,46095291,373536049,1.46E+18,Bristol,Eastville,51.4684500,-2.5406900,"Entire home/apt",1
670,46173490,21643013,1.46E+18,Bristol,Central,51.4604100,-2.5919600,"Entire home/apt",1
671,46183832,40467207,1.47E+18,Bristol,Southville,51.4454200,-2.6134100,"Entire home/apt",2
672,46290459,102200469,1.47E+18,Bristol,Filwood,51.4313100,-2.5984400,"Private room",1
673,46307432,3271882,1.46E+18,Bristol,Southville,51.4437600,-2.5973200,"Entire home/apt",2
674,46309037,3271882,1.46E+18,Bristol,Southville,51.4441300,-2.5963400,"Entire home/apt",2
675,46787623,21002838,1.46E+18,Bristol,Central,51.4553728,-2.5955993,"Entire home/apt",1
676,46962178,49552186,1.47E+18,Bristol,"Clifton Down",51.4704000,-2.6115000,"Entire home/apt",4
677,46969949,51686051,1.47E+18,Bristol,Clifton,51.4549750,-2.6102330,"Entire home/apt",27
678,47075756,51686051,1.47E+18,Bristol,"Frome Vale",51.4856400,-2.5519600,"Entire home/apt",27
679,47767366,33952114,1.47E+18,Bristol,"Hotwells & Harbourside",51.4466700,-2.6025700,"Entire home/apt",1
680,47904075,53274470,1.46E+18,Bristol,Clifton,51.4541800,-2.6221700,"Entire home/apt",1
681,47941392,87775736,1.46E+18,Bristol,"Hengrove & Whitchurch Park",51.4137800,-2.5859300,"Private room",1
682,48009591,49818582,1.47E+18,Bristol,"Bishopston & Ashley Down",51.4757900,-2.5794900,"Private room",1
683,48025200,65192629,1.46E+18,Bristol,"Clifton Down",51.4627080,-2.6140040,"Entire home/apt",141
684,48025376,65192629,1.46E+18,Bristol,"Clifton Down",51.4625470,-2.6140850,"Entire home/apt",141
685,48025552,65192629,1.46E+18,Bristol,"Clifton Down",51.4625510,-2.6142250,"Entire home/apt",141
686,48056288,9787188,1.46E+18,Bristol,"Clifton Down",51.4684200,-2.6144600,"Entire home/apt",1
687,48065057,34677671,1.47E+18,Bristol,Ashley,51.4707200,-2.5896700,"Entire home/apt",1
688,48308360,40164577,1.47E+18,Bristol,"Brislington East",51.4402800,-2.5404300,"Private room",1
689,48458924,310835509,1.46E+18,Bristol,"Frome Vale",51.4823700,-2.5156600,"Entire home/apt",1
690,48624735,2730261,1.46E+18,Bristol,Ashley,51.4714000,-2.5878700,"Private room",1
691,48686202,392784181,1.46E+18,Bristol,"Avonmouth & Lawrence Weston",51.4928800,-2.6467500,"Entire home/apt",2
692,48690340,214233269,1.47E+18,Bristol,Eastville,51.4732800,-2.5484500,"Entire home/apt",1
693,48908135,108653746,1.47E+18,Bristol,"Windmill Hill",51.4379000,-2.5945000,"Private room",1
694,48972207,73343611,1.47E+18,Bristol,"Clifton Down",51.4600600,-2.6138300,"Entire home/apt",1
695,49067284,93719894,1.46E+18,Bristol,Eastville,51.4687269,-2.5399366,"Private room",1
696,49124285,396199459,1.47E+18,Bristol,Ashley,51.4610600,-2.5855000,"Entire home/apt",11
697,49143757,39340804,1.46E+18,Bristol,Bedminster,51.4355600,-2.6105300,"Private room",1
698,49163707,99998716,1.46E+18,Bristol,Ashley,51.4604420,-2.5858760,"Entire home/apt",2
699,49167663,396199459,1.47E+18,Bristol,Ashley,51.4615600,-2.5852800,"Entire home/apt",11
700,49189611,396199459,1.47E+18,Bristol,Ashley,51.4615630,-2.5852810,"Entire home/apt",11
701,49203568,396199459,1.47E+18,Bristol,Ashley,51.4615600,-2.5852800,"Entire home/apt",11
702,49205987,19404394,1.46E+18,Bristol,Clifton,51.4535300,-2.6207500,"Entire home/apt",6
703,49302679,397813485,1.47E+18,Bristol,"Westbury-on-Trym & Henleaze",51.4781200,-2.6083900,"Entire home/apt",1
704,49316901,32862540,1.46E+18,Bristol,"Avonmouth & Lawrence Weston",51.4894100,-2.6777840,"Entire home/apt",6
705,49653145,223392130,1.47E+18,Bristol,"Windmill Hill",51.4356300,-2.5962700,"Entire home/apt",1
706,49661346,122696129,1.47E+18,Bristol,Central,51.4610500,-2.6017600,"Private room",4
707,49734076,210736546,1.47E+18,Bristol,Ashley,51.4599700,-2.5858200,"Entire home/apt",1
708,49766445,284304740,1.47E+18,Bristol,Redland,51.4789400,-2.5948200,"Entire home/apt",1
709,49784860,396199459,1.47E+18,Bristol,Ashley,51.4615630,-2.5852810,"Entire home/apt",11
710,49802400,38826326,1.47E+18,Bristol,Bedminster,51.4347300,-2.6233500,"Entire home/apt",1
711,49805761,42007723,1.47E+18,Bristol,Central,51.4483070,-2.5849011,"Entire home/apt",1
712,49831633,7042630,1.46E+18,Bristol,"St George West",51.4620500,-2.5407100,"Private room",2
713,49836448,7042630,1.46E+18,Bristol,"St George West",51.4626800,-2.5400500,"Entire home/apt",2
714,49975525,403015546,1.47E+18,Bristol,"Lawrence Hill",51.4600300,-2.5776500,"Entire home/apt",1
715,50018862,30844161,1.47E+18,Bristol,Easton,51.4681200,-2.5632400,"Private room",3
716,50020222,30844161,1.47E+18,Bristol,Easton,51.4690900,-2.5646400,"Private room",3
717,50021882,30844161,1.47E+18,Bristol,Easton,51.4693500,-2.5647600,"Private room",3
718,50083368,152788806,1.46E+18,Bristol,Central,51.4626688,-2.5902751,"Entire home/apt",20
719,50142415,48240870,1.47E+18,Bristol,Clifton,51.4566460,-2.6136130,"Entire home/apt",7
720,50142805,31872778,1.47E+18,Bristol,Horfield,51.4939800,-2.5871800,"Private room",1
721,50164199,404843870,1.47E+18,Bristol,Clifton,51.4601000,-2.6219700,"Entire home/apt",1
722,50167938,5208349,1.46E+18,Bristol,"Bishopston & Ashley Down",51.4827800,-2.5904000,"Entire home/apt",1
723,50238409,396199459,1.47E+18,Bristol,Ashley,51.4615100,-2.5852900,"Entire home/apt",11
724,50240578,405588386,1.47E+18,Bristol,Central,51.4616100,-2.6064200,"Entire home/apt",1
726,50281651,405948865,1.47E+18,Bristol,Ashley,51.4603100,-2.5849100,"Private room",1
727,50338317,25066739,1.46E+18,Bristol,"Avonmouth & Lawrence Weston",51.4955897,-2.6503501,"Private room",4
728,50342413,103798298,1.47E+18,Bristol,Filwood,51.4319700,-2.6029200,"Entire home/apt",1
729,50378301,191249657,1.47E+18,Bristol,"Bishopston & Ashley Down",51.4828100,-2.5929600,"Entire home/apt",2
731,50427240,32124205,1.47E+18,Bristol,"Brislington East",51.4381000,-2.5330900,"Entire home/apt",1
732,50568032,19430164,1.46E+18,Bristol,"Windmill Hill",51.4386400,-2.5913300,"Private room",1
733,50654599,77427516,1.47E+18,Bristol,Horfield,51.4908300,-2.5852000,"Private room",1
734,50665912,49436089,1.47E+18,Bristol,Clifton,51.4531000,-2.6202100,"Private room",2
735,50677662,9506181,1.46E+18,Bristol,Clifton,51.4526300,-2.6095500,"Entire home/apt",1
736,50690473,409628630,1.47E+18,Bristol,Southville,51.4436800,-2.6044200,"Entire home/apt",3
737,50694465,327608603,1.47E+18,Bristol,Southville,51.4454500,-2.5949700,"Entire home/apt",2
738,50730944,409961582,1.47E+18,Bristol,Knowle,51.4334107,-2.5646760,"Private room",1
739,50744938,150376371,1.47E+18,Bristol,Clifton,51.4566100,-2.6213600,"Entire home/apt",1
740,50800352,410588887,1.47E+18,Bristol,Ashley,51.4593900,-2.5873000,"Entire home/apt",17
741,50829147,410897425,1.47E+18,Bristol,Easton,51.4614100,-2.5583500,"Private room",2
742,50957517,30898394,1.46E+18,Bristol,"Frome Vale",51.4824100,-2.5277600,"Private room",2
743,50969384,49436089,1.47E+18,Bristol,Clifton,51.4531800,-2.6200200,"Entire home/apt",2
744,51023144,412779819,1.47E+18,Bristol,"Stoke Bishop",51.4871200,-2.6465700,"Entire home/apt",1
745,51100977,24365222,1.46E+18,Bristol,Ashley,51.4644900,-2.5880600,"Private room",1
746,51119304,254358117,1.46E+18,Bristol,"Frome Vale",51.4895400,-2.5356900,"Entire home/apt",1
747,51275261,30898394,1.46E+18,Bristol,"Frome Vale",51.4802700,-2.5262000,"Private room",2
748,51277087,275753132,1.47E+18,Bristol,"Clifton Down",51.4636000,-2.6106100,"Entire home/apt",1
749,51282786,415275955,1.47E+18,Bristol,Ashley,51.4655000,-2.5892700,"Private room",4
750,51295932,16630323,1.46E+18,Bristol,Hillfields,51.4707700,-2.5118100,"Entire home/apt",22
751,51357382,327608603,1.47E+18,Bristol,Ashley,51.4704900,-2.5852300,"Entire home/apt",2
752,51397856,147960157,1.46E+18,Bristol,Central,51.4471618,-2.5849511,"Private room",1
753,51429468,415275955,1.47E+18,Bristol,Ashley,51.4653000,-2.5894200,"Private room",4
754,51429568,415275955,1.47E+18,Bristol,Ashley,51.4671300,-2.5888600,"Private room",4
755,51463968,4436057,1.46E+18,Bristol,Southville,51.4428500,-2.6017000,"Entire home/apt",1
756,51522202,156512013,1.46E+18,Bristol,Clifton,51.4559700,-2.6233800,"Entire home/apt",1
757,51588449,30156797,1.47E+18,Bristol,"Westbury-on-Trym & Henleaze",51.4902500,-2.6039000,"Entire home/apt",1
758,51639296,90896847,1.47E+18,Bristol,"Lawrence Hill",51.4580300,-2.5766100,"Entire home/apt",1
759,51738797,78153606,1.47E+18,Bristol,"St George Troopers Hill",51.4507700,-2.5229400,"Entire home/apt",1
760,51778333,419452734,1.47E+18,Bristol,Clifton,51.4504400,-2.6111600,"Entire home/apt",1
761,51802257,8956745,1.46E+18,Bristol,Central,51.4472733,-2.5920520,"Entire home/apt",1
762,51860123,33045682,1.47E+18,Bristol,Central,51.4606900,-2.5923100,"Entire home/apt",1
763,52052867,410588887,1.47E+18,Bristol,"Lawrence Hill",51.4596300,-2.5840600,"Entire home/apt",17
764,52157323,452666032,1.47E+18,Bristol,"Bishopston & Ashley Down",51.4759255,-2.5905190,"Entire home/apt",22
765,52163520,410588887,1.47E+18,Bristol,Ashley,51.4610300,-2.5844600,"Entire home/apt",17
766,52196952,73035575,1.47E+18,Bristol,"Hotwells & Harbourside",51.4501200,-2.6058000,"Entire home/apt",1
767,52234675,396199459,1.47E+18,Bristol,Ashley,51.4605931,-2.5849192,"Entire home/apt",11
768,52254180,123482662,1.46E+18,Bristol,"Hotwells & Harbourside",51.4510300,-2.6062000,"Entire home/apt",1
769,52278808,423145314,1.47E+18,Bristol,Horfield,51.4986700,-2.5822200,"Entire home/apt",1
770,52344708,250150114,1.47E+18,Bristol,Central,51.4494400,-2.5937400,"Private room",1
771,52362708,91441368,1.47E+18,Bristol,Redland,51.4708300,-2.5944500,"Entire home/apt",1
772,52415866,424259934,1.47E+18,Bristol,Filwood,51.4225700,-2.5935300,"Entire home/apt",1
773,52417849,81809864,1.47E+18,Bristol,"Clifton Down",51.4695500,-2.6160400,"Entire home/apt",1
774,52437999,4053495,1.46E+18,Bristol,Eastville,51.4733600,-2.5549500,"Private room",3
775,52447050,15059216,1.46E+18,Bristol,Knowle,51.4344900,-2.5635900,"Entire home/apt",1
776,52794609,20111952,1.46E+18,Bristol,Ashley,51.4650400,-2.5849500,"Private room",1
777,52819400,21239968,1.46E+18,Bristol,Southville,51.4447700,-2.6153600,"Entire home/apt",1
778,52849546,427895929,1.47E+18,Bristol,Ashley,51.4707500,-2.5857500,"Private room",7
779,52851772,427895929,1.47E+18,Bristol,Ashley,51.4691700,-2.5844200,"Private room",7
780,52859791,427895929,1.47E+18,Bristol,Ashley,51.4697200,-2.5859000,"Private room",7
781,52860439,427895929,1.47E+18,Bristol,Ashley,51.4710400,-2.5858000,"Private room",7
782,52861584,74995350,1.47E+18,Bristol,Horfield,51.4979000,-2.5775100,"Entire home/apt",1
783,52872032,65192629,1.46E+18,Bristol,"Lawrence Hill",51.4570007,-2.5780151,"Entire home/apt",141
784,52903104,11134427,1.46E+18,Bristol,"Bishopston & Ashley Down",51.4804300,-2.5910600,"Private room",1
785,52979528,303825577,1.47E+18,Bristol,Bishopsworth,51.4273300,-2.6092500,"Private room",3
786,52979700,303825577,1.47E+18,Bristol,Bishopsworth,51.4257400,-2.6103800,"Private room",3
787,52990052,303825577,1.47E+18,Bristol,Bishopsworth,51.4254800,-2.6093400,"Private room",3
788,53000755,163138045,1.47E+18,Bristol,"St George West",51.4583400,-2.5520100,"Private room",1
789,53001658,364507321,1.47E+18,Bristol,Hillfields,51.4704285,-2.5154059,"Entire home/apt",1
790,53046254,402737,1.46E+18,Bristol,"Bishopston & Ashley Down",51.4756300,-2.5773600,"Entire home/apt",1
791,53120416,357791938,1.47E+18,Bristol,"Windmill Hill",51.4369400,-2.5984900,"Entire home/apt",1
792,53122430,26271545,1.47E+18,Bristol,Redland,51.4720300,-2.6084700,"Entire home/apt",1
793,53216261,11129514,1.46E+18,Bristol,"Brislington West",51.4414300,-2.5506100,"Entire home/apt",1
794,53235690,30205990,1.47E+18,Bristol,Clifton,51.4578700,-2.6147300,"Entire home/apt",2
795,53253486,431124727,1.47E+18,Bristol,"Westbury-on-Trym & Henleaze",51.4892400,-2.6208600,"Entire home/apt",1
796,53271990,7914042,1.46E+18,Bristol,Ashley,51.4752010,-2.5796930,"Private room",1
797,53290386,19404394,1.46E+18,Bristol,Hillfields,51.4680100,-2.5247900,"Entire home/apt",6
798,53328058,22921148,1.46E+18,Bristol,Southville,51.4402100,-2.6002700,"Entire home/apt",1
799,53361353,427895929,1.47E+18,Bristol,Ashley,51.4707300,-2.5850000,"Private room",7
800,53374409,410588887,1.47E+18,Bristol,Ashley,51.4609700,-2.5860800,"Entire home/apt",17
801,53381024,14112588,1.46E+18,Bristol,Knowle,51.4371900,-2.5771400,"Private room",2
802,53383312,154976886,1.47E+18,Bristol,"Lawrence Hill",51.4649100,-2.5667100,"Entire home/apt",1
803,53477261,48171671,1.47E+18,Bristol,"St George Central",51.4607200,-2.5257300,"Entire home/apt",1
804,53486010,53057250,1.46E+18,Bristol,Lockleaze,51.4741400,-2.5728110,"Entire home/apt",2
805,53511158,24726250,1.47E+18,Bristol,Southville,51.4421600,-2.5979100,"Entire home/apt",3
806,53542096,19404394,1.46E+18,Bristol,"Clifton Down",51.4580800,-2.6114900,"Entire home/apt",6
807,53564678,433655751,1.47E+18,Bristol,Knowle,51.4406200,-2.5696500,"Entire home/apt",1
808,53589574,27410668,1.47E+18,Bristol,"Windmill Hill",51.4420600,-2.5806000,"Entire home/apt",1
809,53620573,434218847,1.47E+18,Bristol,Central,51.4605900,-2.6083900,"Entire home/apt",33
810,53621285,434218847,1.47E+18,Bristol,Central,51.4596000,-2.6073600,"Entire home/apt",33
811,53621329,434218847,1.47E+18,Bristol,Central,51.4604700,-2.6084700,"Entire home/apt",33
812,53621371,434218847,1.47E+18,Bristol,"Clifton Down",51.4588300,-2.6089000,"Entire home/apt",33
813,53621447,434218847,1.47E+18,Bristol,Central,51.4594400,-2.6070700,"Entire home/apt",33
814,53621471,434218847,1.47E+18,Bristol,"Clifton Down",51.4589500,-2.6089900,"Entire home/apt",33
815,53621600,434218847,1.47E+18,Bristol,"Clifton Down",51.4601400,-2.6091200,"Entire home/apt",33
816,53621784,434218847,1.47E+18,Bristol,Central,51.4588000,-2.6076900,"Entire home/apt",33
817,53621814,434218847,1.47E+18,Bristol,Central,51.4601800,-2.6072900,"Entire home/apt",33
818,53621835,434218847,1.47E+18,Bristol,"Clifton Down",51.4605700,-2.6086200,"Entire home/apt",33
819,53642080,434218847,1.47E+18,Bristol,Clifton,51.4534800,-2.6187700,"Entire home/apt",33
820,53642365,434218847,1.47E+18,Bristol,Clifton,51.4541200,-2.6193800,"Entire home/apt",33
821,53642413,434218847,1.47E+18,Bristol,Clifton,51.4555500,-2.6192000,"Entire home/apt",33
822,53654863,119508990,1.46E+18,Bristol,Redland,51.4710540,-2.6002930,"Private room",2
823,53675108,434686259,1.47E+18,Bristol,Eastville,51.4701300,-2.5591200,"Private room",1
824,53683279,24451927,1.47E+18,Bristol,"Bishopston & Ashley Down",51.4801800,-2.5878700,"Entire home/apt",2
825,53722253,334751739,1.47E+18,Bristol,Cotham,51.4653000,-2.5917300,"Entire home/apt",1
826,53897077,21321449,1.46E+18,Bristol,Easton,51.4671200,-2.5543800,"Entire home/apt",1
827,53916364,39116841,1.46E+18,Bristol,"Windmill Hill",51.4408500,-2.5802800,"Entire home/apt",1
828,54004138,19980715,1.46E+18,Bristol,"Frome Vale",51.4838100,-2.5398600,"Entire home/apt",1
829,54089513,161803027,1.47E+18,Bristol,"Westbury-on-Trym & Henleaze",51.4992300,-2.6233400,"Entire home/apt",1
831,54135914,100020162,1.47E+18,Bristol,"Lawrence Hill",51.4560300,-2.5817700,"Entire home/apt",1
832,54135943,5982235,1.46E+18,Bristol,"Bishopston & Ashley Down",51.4797900,-2.5795400,"Private room",3
833,54146487,650181,1.46E+18,Bristol,"Clifton Down",51.4665500,-2.6109300,"Private room",2
834,54254304,24733888,1.47E+18,Bristol,"St George West",51.4579900,-2.5476800,"Entire home/apt",1
835,54255243,439953227,1.47E+18,Bristol,Clifton,51.4565400,-2.6100800,"Entire home/apt",1
836,54257351,33823390,1.46E+18,Bristol,"Bishopston & Ashley Down",51.4779000,-2.5820400,"Entire home/apt",1
837,54297970,440397805,1.47E+18,Bristol,"Lawrence Hill",51.4620700,-2.5645000,"Entire home/apt",1
838,54321693,135076147,1.47E+18,Bristol,Ashley,51.4680700,-2.5771200,"Entire home/apt",1
839,54365797,96176571,1.47E+18,Bristol,Bedminster,51.4393600,-2.6017900,"Private room",1
840,54382977,128742975,1.47E+18,Bristol,Easton,51.4682500,-2.5666600,"Entire home/apt",1
842,2147483647,67522630,1.64E+18,Bristol,"Avonmouth & Lawrence Weston",51.4960400,-2.6486000,"Entire home/apt",1
843,2147483647,543474957,1.47E+18,Bristol,Central,51.4569142,-2.5976460,"Entire home/apt",4
844,2147483647,543474957,1.47E+18,Bristol,Central,51.4582922,-2.5977547,"Entire home/apt",4
845,2147483647,338522667,1.47E+18,Bristol,Central,51.4502800,-2.5906500,"Entire home/apt",1
846,2147483647,698538537,1.47E+18,Bristol,"Brislington West",51.4430500,-2.5669400,"Private room",1
847,2147483647,396199459,1.47E+18,Bristol,Ashley,51.4615630,-2.5852810,"Entire home/apt",11
848,2147483647,396199459,1.47E+18,Bristol,Ashley,51.4615789,-2.5852217,"Entire home/apt",11
849,2147483647,396199459,1.47E+18,Bristol,Ashley,51.4608240,-2.5860300,"Entire home/apt",11
850,2147483647,396199459,1.47E+18,Bristol,Ashley,51.4608240,-2.5860300,"Entire home/apt",11
851,2147483647,520308550,1.47E+18,Bristol,"Frome Vale",51.4816300,-2.5283000,"Private room",3
852,2147483647,520308550,1.47E+18,Bristol,"Frome Vale",51.4837600,-2.5282800,"Private room",3
853,2147483647,54226202,1.47E+18,Bristol,"St George West",51.4610400,-2.5543400,"Entire home/apt",1
854,2147483647,76074723,1.47E+18,Bristol,Ashley,51.4696094,-2.5731701,"Entire home/apt",13
855,2147483647,76074723,1.47E+18,Bristol,"St George West",51.4639669,-2.5495833,"Entire home/apt",13
856,2147483647,543848267,1.51E+18,Bristol,Knowle,51.4383951,-2.5678480,"Entire home/apt",1
857,2147483647,76074723,1.47E+18,Bristol,"Clifton Down",51.4682400,-2.6158300,"Entire home/apt",13
858,2147483647,76074723,1.47E+18,Bristol,Southville,51.4450400,-2.6107800,"Entire home/apt",13
859,2147483647,508693241,1.47E+18,Bristol,Easton,51.4558400,-2.5582900,"Entire home/apt",2
860,2147483647,508693241,1.47E+18,Bristol,Easton,51.4564100,-2.5595100,"Private room",2
861,2147483647,755605695,1.66E+18,Bristol,"Clifton Down",51.4697066,-2.6154520,"Entire home/apt",1
862,2147483647,3376520,1.46E+18,Bristol,Clifton,51.4516000,-2.6152100,"Entire home/apt",1
863,2147483647,750744995,1.64E+18,Bristol,"Lawrence Hill",51.4552108,-2.5822618,"Entire home/apt",5
864,2147483647,79983350,1.47E+18,Bristol,Ashley,51.4645557,-2.5783602,"Entire home/apt",1
865,2147483647,88730578,1.47E+18,Bristol,"Windmill Hill",51.4432400,-2.5748300,"Entire home/apt",1
866,2147483647,255851042,1.47E+18,Bristol,Central,51.4459951,-2.5984204,"Entire home/apt",1
867,2147483647,60525103,1.47E+18,Bristol,"Lawrence Hill",51.4513065,-2.5657530,"Entire home/apt",2
868,2147483647,513263225,1.47E+18,Bristol,"Windmill Hill",51.4362800,-2.5965300,"Entire home/apt",2
869,2147483647,30205990,1.47E+18,Bristol,Clifton,51.4559000,-2.6111600,"Entire home/apt",2
870,2147483647,42591130,1.47E+18,Bristol,"Frome Vale",51.4841366,-2.5381969,"Entire home/apt",1
871,2147483647,502098780,1.47E+18,Bristol,Clifton,51.4524200,-2.6238800,"Entire home/apt",2
872,2147483647,166781700,1.47E+18,Bristol,Cotham,51.4642100,-2.5910300,"Entire home/apt",4
873,2147483647,103254407,1.47E+18,Bristol,Ashley,51.4689400,-2.5800400,"Entire home/apt",1
874,2147483647,8901419,1.46E+18,Bristol,"St George Central",51.4619500,-2.5316700,"Entire home/apt",1
875,2147483647,426588818,1.47E+18,Bristol,"Hengrove & Whitchurch Park",51.4086600,-2.5827400,"Entire home/apt",1
876,2147483647,34943171,1.47E+18,Bristol,"St George Central",51.4633058,-2.5144007,"Entire home/apt",1
877,2147483647,14112588,1.46E+18,Bristol,Knowle,51.4347700,-2.5770400,"Private room",2
878,2147483647,355782550,1.47E+18,Bristol,Cotham,51.4653900,-2.5903600,"Entire home/apt",1
879,2147483647,687506712,1.47E+18,Bristol,"Frome Vale",51.4883843,-2.5405609,"Entire home/apt",2
880,2147483647,549877478,1.47E+18,Bristol,"Lawrence Hill",51.4575800,-2.5782100,"Entire home/apt",1
881,2147483647,445518840,1.47E+18,Bristol,"Frome Vale",51.4889000,-2.5208800,"Entire home/apt",1
882,2147483647,753724109,1.65E+18,Bristol,"Brislington West",51.4400973,-2.5560903,"Entire home/apt",2
883,2147483647,563691241,1.47E+18,Bristol,Clifton,51.4569500,-2.6160235,"Entire home/apt",1
884,2147483647,236481623,1.47E+18,Bristol,Clifton,51.4546200,-2.6178100,"Entire home/apt",48
885,2147483647,71226262,1.59E+18,Bristol,Ashley,51.4605030,-2.5875850,"Entire home/apt",1
886,2147483647,556630489,1.47E+18,Bristol,Ashley,51.4609100,-2.5897000,"Entire home/apt",1
887,2147483647,753724109,1.65E+18,Bristol,"Brislington West",51.4413732,-2.5560309,"Entire home/apt",2
888,2147483647,706686299,1.47E+18,Bristol,"Clifton Down",51.4661000,-2.6138000,"Entire home/apt",1
889,2147483647,651057975,1.47E+18,Bristol,Hillfields,51.4734759,-2.5176504,"Entire home/apt",1
890,2147483647,36502975,1.47E+18,Bristol,"Bishopston & Ashley Down",51.4853800,-2.5852200,"Entire home/apt",2
891,2147483647,26842169,1.47E+18,Bristol,Southville,51.4446200,-2.5976000,"Entire home/apt",1
892,2147483647,60472075,1.47E+18,Bristol,Southville,51.4407900,-2.6171200,"Entire home/apt",1
893,2147483647,156526622,1.47E+18,Bristol,Cotham,51.4680400,-2.6014800,"Private room",1
894,2147483647,267411486,1.47E+18,Bristol,"St George Central",51.4658172,-2.5162550,"Entire home/apt",4
895,2147483647,154152507,1.47E+18,Bristol,"Clifton Down",51.4642000,-2.6155000,"Entire home/apt",29
896,2147483647,652571059,1.47E+18,Bristol,Central,51.4603645,-2.5933461,"Entire home/apt",1
897,2147483647,157540176,1.47E+18,Bristol,"Stoke Bishop",51.4734968,-2.6267588,"Entire home/apt",2
898,2147483647,134627181,1.47E+18,Bristol,"St George Central",51.4647200,-2.5368300,"Entire home/apt",3
899,2147483647,506988006,1.47E+18,Bristol,"Lawrence Hill",51.4658500,-2.5674300,"Entire home/apt",7
900,2147483647,580351135,1.47E+18,Bristol,"Westbury-on-Trym & Henleaze",51.4809800,-2.6083200,"Entire home/apt",1
901,2147483647,128332709,1.46E+18,Bristol,"Hartcliffe & Withywood",51.4125600,-2.6274000,"Entire home/apt",1
902,2147483647,51686051,1.47E+18,Bristol,"Clifton Down",51.4587470,-2.6114207,"Entire home/apt",27
903,2147483647,120908820,1.47E+18,Bristol,"St George West",51.4579500,-2.5515700,"Entire home/apt",1
904,2147483647,319888011,1.47E+18,Bristol,Ashley,51.4640281,-2.5892819,"Entire home/apt",1
905,2147483647,477199688,1.47E+18,Bristol,Bishopsworth,51.4146887,-2.6004855,"Entire home/apt",1
906,2147483647,27324664,1.47E+18,Bristol,"Brislington West",51.4373200,-2.5632000,"Private room",2
907,2147483647,731151858,1.56E+18,Bristol,"St George Central",51.4631410,-2.5374980,"Entire home/apt",3
908,2147483647,506988006,1.47E+18,Bristol,Ashley,51.4616409,-2.5841623,"Entire home/apt",7
909,2147483647,56465890,1.47E+18,Bristol,Easton,51.4612400,-2.5581100,"Entire home/apt",3
910,2147483647,750744995,1.64E+18,Bristol,"Lawrence Hill",51.4554400,-2.5813100,"Entire home/apt",5
911,2147483647,4975449,1.46E+18,Bristol,"Stoke Bishop",51.4775080,-2.6219737,"Entire home/apt",1
912,2147483647,529719340,1.47E+18,Bristol,Clifton,51.4531927,-2.6188753,"Entire home/apt",34
913,2147483647,166781700,1.47E+18,Bristol,Cotham,51.4651500,-2.5903300,"Private room",4
914,2147483647,134627181,1.47E+18,Bristol,Ashley,51.4671900,-2.5806600,"Entire home/apt",3
915,2147483647,521643909,1.47E+18,Bristol,Ashley,51.4604370,-2.5843093,"Entire home/apt",1
916,2147483647,711147389,1.48E+18,Bristol,Central,51.4517232,-2.5917268,"Entire home/apt",1
917,2147483647,9136084,1.65E+18,Bristol,Filwood,51.4260720,-2.5996101,"Entire home/apt",1
918,2147483647,439074505,1.47E+18,Bristol,"Avonmouth & Lawrence Weston",51.5048400,-2.6738700,"Entire home/apt",2
919,2147483647,2748941,1.46E+18,Bristol,Bedminster,51.4389900,-2.6037000,"Entire home/apt",1
920,2147483647,14494448,1.46E+18,Bristol,"Bishopston & Ashley Down",51.4749401,-2.5865128,"Entire home/apt",1
921,2147483647,489685404,1.47E+18,Bristol,"Lawrence Hill",51.4563500,-2.5792000,"Entire home/apt",20
922,2147483647,489685404,1.47E+18,Bristol,Cotham,51.4669900,-2.5939100,"Entire home/apt",20
923,2147483647,125651447,1.47E+18,Bristol,Clifton,51.4558751,-2.6106715,"Entire home/apt",67
924,2147483647,440284165,1.46E+18,Bristol,Bishopsworth,51.4184200,-2.6178100,"Entire home/apt",1
925,2147483647,42143209,1.47E+18,Bristol,Horfield,51.4946700,-2.6011800,"Entire home/apt",1
926,2147483647,267411486,1.47E+18,Bristol,"Hengrove & Whitchurch Park",51.4133700,-2.5645800,"Entire home/apt",4
927,2147483647,502523320,1.47E+18,Bristol,"Avonmouth & Lawrence Weston",51.4908100,-2.6505100,"Entire home/apt",1
928,2147483647,31279172,1.47E+18,Bristol,Easton,51.4661700,-2.5579400,"Entire home/apt",1
929,2147483647,597324133,1.47E+18,Bristol,"Hengrove & Whitchurch Park",51.4168400,-2.5763800,"Entire home/apt",1
930,2147483647,79680401,1.47E+18,Bristol,"St George Central",51.4606200,-2.5355800,"Entire home/apt",1
931,2147483647,15057531,1.46E+18,Bristol,Easton,51.4677252,-2.5635675,"Entire home/apt",1
932,2147483647,548298925,1.47E+18,Bristol,"St George Central",51.4598605,-2.5230208,"Entire home/apt",1
933,2147483647,392784181,1.46E+18,Bristol,"Avonmouth & Lawrence Weston",51.4917100,-2.6475600,"Entire home/apt",2
934,2147483647,666147887,1.47E+18,Bristol,"Hotwells & Harbourside",51.4508425,-2.6063308,"Entire home/apt",1
935,2147483647,150734603,1.47E+18,Bristol,Lockleaze,51.4961100,-2.5726700,"Entire home/apt",3
936,2147483647,686682769,1.47E+18,Bristol,Easton,51.4678548,-2.5657683,"Entire home/apt",1
937,2147483647,13960244,1.46E+18,Bristol,Bedminster,51.4358215,-2.6162481,"Entire home/apt",1
938,2147483647,2147483647,1.70E+18,Bristol,Ashley,51.4699572,-2.5747238,"Entire home/apt",8
939,2147483647,306093073,1.57E+18,Bristol,Southmead,51.5014060,-2.5989353,"Entire home/apt",1
940,2147483647,693510449,1.47E+18,Bristol,"Hartcliffe & Withywood",51.4113000,-2.6072639,"Entire home/apt",1
941,2147483647,529719340,1.47E+18,Bristol,Easton,51.4689707,-2.5503015,"Entire home/apt",34
942,2147483647,529719340,1.47E+18,Bristol,"Lawrence Hill",51.4568200,-2.5623500,"Entire home/apt",34
943,2147483647,529719340,1.47E+18,Bristol,Clifton,51.4536900,-2.6192300,"Entire home/apt",34
944,2147483647,529719340,1.47E+18,Bristol,Easton,51.4672600,-2.5616700,"Entire home/apt",34
945,2147483647,529719340,1.47E+18,Bristol,Horfield,51.4923000,-2.5901200,"Entire home/apt",34
946,2147483647,529719340,1.47E+18,Bristol,Clifton,51.4508700,-2.6203400,"Entire home/apt",34
947,2147483647,529719340,1.47E+18,Bristol,Clifton,51.4530200,-2.6178800,"Entire home/apt",34
948,2147483647,529719340,1.47E+18,Bristol,Clifton,51.4507300,-2.6188800,"Entire home/apt",34
949,2147483647,529719340,1.47E+18,Bristol,Eastville,51.4694600,-2.5514300,"Entire home/apt",34
950,2147483647,529719340,1.47E+18,Bristol,"Lawrence Hill",51.4571600,-2.5636500,"Entire home/apt",34
951,2147483647,529719340,1.47E+18,Bristol,Eastville,51.4759600,-2.5469300,"Entire home/apt",34
952,2147483647,572558532,1.47E+18,Bristol,Filwood,51.4228642,-2.5982217,"Entire home/apt",4
953,2147483647,572558532,1.47E+18,Bristol,Filwood,51.4244000,-2.5986400,"Entire home/apt",4
954,2147483647,44981551,1.47E+18,Bristol,Lockleaze,51.4819129,-2.5728386,"Entire home/apt",1
955,2147483647,80908880,1.49E+18,Bristol,Redland,51.4793111,-2.5930776,"Entire home/apt",1
956,2147483647,79541805,1.47E+18,Bristol,Redland,51.4732704,-2.6101241,"Entire home/apt",1
957,2147483647,18094242,1.46E+18,Bristol,"Avonmouth & Lawrence Weston",51.4941100,-2.6837200,"Entire home/apt",1
958,2147483647,680654831,1.47E+18,Bristol,"Avonmouth & Lawrence Weston",51.4983400,-2.6929500,"Entire home/apt",1
959,2147483647,434218847,1.47E+18,Bristol,"Hotwells & Harbourside",51.4549140,-2.6060470,"Entire home/apt",33
960,2147483647,434218847,1.47E+18,Bristol,"Hotwells & Harbourside",51.4548450,-2.6059390,"Entire home/apt",33
961,2147483647,434218847,1.47E+18,Bristol,"Hotwells & Harbourside",51.4547270,-2.6061110,"Entire home/apt",33
962,2147483647,434218847,1.47E+18,Bristol,Central,51.4559400,-2.6050600,"Entire home/apt",33
963,2147483647,434218847,1.47E+18,Bristol,"Hotwells & Harbourside",51.4552000,-2.6063700,"Entire home/apt",33
964,2147483647,434218847,1.47E+18,Bristol,"Hotwells & Harbourside",51.4558000,-2.6070400,"Entire home/apt",33
965,2147483647,434218847,1.47E+18,Bristol,"Hotwells & Harbourside",51.4552200,-2.6052500,"Entire home/apt",33
966,2147483647,434218847,1.47E+18,Bristol,"Hotwells & Harbourside",51.4548070,-2.6059180,"Entire home/apt",33
967,2147483647,434218847,1.47E+18,Bristol,"Hotwells & Harbourside",51.4547270,-2.6061110,"Entire home/apt",33
968,2147483647,434218847,1.47E+18,Bristol,"Hotwells & Harbourside",51.4540100,-2.6063200,"Entire home/apt",33
969,2147483647,434218847,1.47E+18,Bristol,"Hotwells & Harbourside",51.4544000,-2.6065000,"Entire home/apt",33
970,2147483647,557226624,1.47E+18,Bristol,Horfield,51.4982699,-2.5735781,"Entire home/apt",2
971,2147483647,575422377,1.47E+18,Bristol,"Stoke Bishop",51.4755796,-2.6347077,"Entire home/apt",1
972,2147483647,38930685,1.55E+18,Bristol,Eastville,51.4757063,-2.5461439,"Entire home/apt",1
973,2147483647,696597380,1.47E+18,Bristol,"Windmill Hill",51.4438059,-2.5819562,"Entire home/apt",1
974,2147483647,572558532,1.47E+18,Bristol,"Frome Vale",51.4790159,-2.5269602,"Entire home/apt",4
975,2147483647,423105252,1.47E+18,Bristol,Horfield,51.4930600,-2.5878500,"Entire home/apt",5
976,2147483647,523726525,1.47E+18,Bristol,"Westbury-on-Trym & Henleaze",51.4952600,-2.6177900,"Entire home/apt",4
977,2147483647,2147483647,1.70E+18,Bristol,Redland,51.4727461,-2.5971868,"Entire home/apt",8
978,2147483647,27057081,1.47E+18,Bristol,Filwood,51.4241000,-2.5762800,"Entire home/apt",1
979,2147483647,125651447,1.47E+18,Bristol,Clifton,51.4554682,-2.6141199,"Entire home/apt",67
980,2147483647,75520551,1.47E+18,Bristol,"Lawrence Hill",51.4563400,-2.5803300,"Entire home/apt",1
981,2147483647,65489853,1.47E+18,Bristol,Horfield,51.4932157,-2.5933079,"Private room",5
982,2147483647,145484295,1.46E+18,Bristol,Central,51.4553063,-2.6034887,"Entire home/apt",22
983,2147483647,145484295,1.46E+18,Bristol,Central,51.4553063,-2.6034887,"Entire home/apt",22
984,2147483647,145484295,1.46E+18,Bristol,Central,51.4553063,-2.6034887,"Entire home/apt",22
985,2147483647,145484295,1.46E+18,Bristol,Central,51.4553063,-2.6034887,"Entire home/apt",22
986,2147483647,145484295,1.46E+18,Bristol,Central,51.4553063,-2.6034887,"Entire home/apt",22
987,2147483647,164934575,1.47E+18,Bristol,"Clifton Down",51.4667000,-2.6079300,"Entire home/apt",17
988,2147483647,529719340,1.47E+18,Bristol,"Lawrence Hill",51.4589400,-2.5643900,"Private room",34
989,2147483647,529719340,1.47E+18,Bristol,Easton,51.4584200,-2.5640900,"Private room",34
990,2147483647,529719340,1.47E+18,Bristol,"Lawrence Hill",51.4582900,-2.5643200,"Private room",34
991,2147483647,65192629,1.46E+18,Bristol,Horfield,51.4882220,-2.5851802,"Entire home/apt",141
992,2147483647,65192629,1.46E+18,Bristol,Horfield,51.4882220,-2.5851802,"Entire home/apt",141
993,2147483647,11877178,1.46E+18,Bristol,"Brislington West",51.4408800,-2.5596100,"Entire home/apt",3
994,2147483647,65489853,1.47E+18,Bristol,Horfield,51.4935803,-2.5945959,"Private room",5
995,2147483647,439074505,1.47E+18,Bristol,"Westbury-on-Trym & Henleaze",51.4941329,-2.6377358,"Entire home/apt",2
996,2147483647,506988006,1.47E+18,Bristol,"Avonmouth & Lawrence Weston",51.4888100,-2.6767500,"Entire home/apt",7
997,2147483647,593359528,1.47E+18,Bristol,Horfield,51.4967300,-2.5751700,"Entire home/apt",8
998,2147483647,529719340,1.47E+18,Bristol,Easton,51.4574600,-2.5623300,"Private room",34
999,2147483647,529719340,1.47E+18,Bristol,Easton,51.4583600,-2.5639200,"Private room",34
1000,2147483647,529719340,1.47E+18,Bristol,Clifton,51.4528800,-2.6185300,"Entire home/apt",34
1001,2147483647,145484295,1.46E+18,Bristol,Central,51.4547779,-2.6029008,"Entire home/apt",22
1002,2147483647,145484295,1.46E+18,Bristol,Central,51.4547779,-2.6029008,"Entire home/apt",22
1003,2147483647,145484295,1.46E+18,Bristol,Central,51.4547779,-2.6029008,"Entire home/apt",22
1004,2147483647,154152507,1.47E+18,Bristol,Ashley,51.4612277,-2.5875034,"Entire home/apt",29
1005,2147483647,234993103,1.47E+18,Bristol,Central,51.4548372,-2.5936515,"Entire home/apt",1
1006,2147483647,12110207,1.46E+18,Bristol,Clifton,51.4557277,-2.6135903,"Entire home/apt",2
1007,2147483647,657762525,1.47E+18,Bristol,Central,51.4543097,-2.5990368,"Entire home/apt",1
1008,2147483647,427041288,1.47E+18,Bristol,"Westbury-on-Trym & Henleaze",51.4859133,-2.6053593,"Private room",1
1009,2147483647,35753065,1.46E+18,Bristol,Knowle,51.4370356,-2.5722554,"Entire home/apt",1
1010,2147483647,213979520,1.46E+18,Bristol,"Hengrove & Whitchurch Park",51.4125889,-2.5844344,"Private room",1
1011,2147483647,20053922,1.46E+18,Bristol,Ashley,51.4727493,-2.5836901,"Entire home/apt",1
1012,2147483647,12110207,1.46E+18,Bristol,Clifton,51.4541900,-2.6122500,"Entire home/apt",2
1013,2147483647,40467207,1.47E+18,Bristol,Southville,51.4439400,-2.6135000,"Private room",2
1014,2147483647,116501636,1.47E+18,Bristol,Knowle,51.4357297,-2.5767608,"Entire home/apt",3
1015,2147483647,475933533,1.46E+18,Bristol,Central,51.4473261,-2.5860798,"Private room",1
1016,2147483647,6861664,1.46E+18,Bristol,Hillfields,51.4765696,-2.5230606,"Private room",1
1017,2147483647,261770998,1.46E+18,Bristol,Horfield,51.4945000,-2.5770400,"Private room",2
1018,2147483647,700949369,1.47E+18,Bristol,"Hartcliffe & Withywood",51.4103495,-2.6296354,"Entire home/apt",1
1019,2147483647,70990186,1.68E+18,Bristol,Bedminster,51.4372000,-2.6114000,"Entire home/apt",1
1020,2147483647,446463214,1.46E+18,Bristol,Bishopsworth,51.4233627,-2.6186690,"Entire home/apt",2
1021,2147483647,176836336,1.47E+18,Bristol,Ashley,51.4634800,-2.5842500,"Private room",1
1022,2147483647,45339093,1.47E+18,Bristol,Ashley,51.4656500,-2.5791200,"Entire home/apt",5
1023,2147483647,32862540,1.46E+18,Bristol,Central,51.4545525,-2.5928588,"Entire home/apt",6
1024,2147483647,26800619,1.47E+18,Bristol,"Bishopston & Ashley Down",51.4825500,-2.5830000,"Private room",2
1025,2147483647,145484295,1.46E+18,Bristol,"Clifton Down",51.4661200,-2.6175800,"Entire home/apt",22
1026,2147483647,65192629,1.46E+18,Bristol,Central,51.4533728,-2.5960839,"Entire home/apt",141
1027,2147483647,65192629,1.46E+18,Bristol,Central,51.4532955,-2.5966296,"Entire home/apt",141
1028,2147483647,65192629,1.46E+18,Bristol,Central,51.4532955,-2.5966296,"Entire home/apt",141
1029,2147483647,65192629,1.46E+18,Bristol,Central,51.4532955,-2.5966296,"Entire home/apt",141
1030,2147483647,154152507,1.47E+18,Bristol,"Clifton Down",51.4615700,-2.6108300,"Entire home/apt",29
1031,2147483647,154152507,1.47E+18,Bristol,"Clifton Down",51.4618491,-2.6127702,"Entire home/apt",29
1032,2147483647,65192629,1.46E+18,Bristol,"Clifton Down",51.4632462,-2.6136799,"Entire home/apt",141
1033,2147483647,65192629,1.46E+18,Bristol,"Clifton Down",51.4632100,-2.6145800,"Entire home/apt",141
1034,2147483647,121727923,1.47E+18,Bristol,"Windmill Hill",51.4386469,-2.5869063,"Entire home/apt",1
1035,2147483647,26585384,1.47E+18,Bristol,Cotham,51.4639000,-2.5929700,"Entire home/apt",1
1036,2147483647,439525488,1.47E+18,Bristol,Clifton,51.4569249,-2.6190202,"Entire home/apt",31
1037,2147483647,131056619,1.47E+18,Bristol,Ashley,51.4657260,-2.5882556,"Entire home/apt",1
1038,2147483647,65192629,1.46E+18,Bristol,Clifton,51.4506344,-2.6155948,"Entire home/apt",141
1039,2147483647,133121412,1.47E+18,Bristol,"Brislington West",51.4329264,-2.5510471,"Entire home/apt",6
1040,2147483647,4929323,1.46E+18,Bristol,"Stoke Bishop",51.4817900,-2.6346000,"Entire home/apt",1
1041,2147483647,657428244,1.47E+18,Bristol,Central,51.4597683,-2.5919701,"Entire home/apt",4
1042,2147483647,657428244,1.47E+18,Bristol,Central,51.4596500,-2.5907300,"Entire home/apt",4
1043,2147483647,657428244,1.47E+18,Bristol,Ashley,51.4606813,-2.5846984,"Entire home/apt",4
1044,2147483647,657428244,1.47E+18,Bristol,Central,51.4595282,-2.5841398,"Entire home/apt",4
1045,2147483647,54605532,1.47E+18,Bristol,"Henbury & Brentry",51.5065838,-2.6122976,"Entire home/apt",1
1046,2147483647,48240870,1.47E+18,Bristol,Ashley,51.4661498,-2.5890124,"Entire home/apt",7
1047,2147483647,20999681,1.46E+18,Bristol,Ashley,51.4727963,-2.5760972,"Private room",4
1048,2147483647,452666032,1.47E+18,Bristol,Cotham,51.4651430,-2.5904907,"Entire home/apt",22
1049,2147483647,109339955,1.47E+18,Bristol,Hillfields,51.4731200,-2.5340400,"Entire home/apt",1
1050,2147483647,18784380,1.46E+18,Bristol,Clifton,51.4551844,-2.6139426,"Entire home/apt",1
1051,2147483647,19404394,1.46E+18,Bristol,Southville,51.4416100,-2.6172200,"Entire home/apt",6
1052,2147483647,65380051,1.46E+18,Bristol,Central,51.4522157,-2.5852668,"Entire home/apt",2
1053,2147483647,7051124,1.46E+18,Bristol,"Windmill Hill",51.4391685,-2.5899541,"Private room",1
1054,2147483647,461448872,1.46E+18,Bristol,"Avonmouth & Lawrence Weston",51.4981609,-2.6947987,"Entire home/apt",2
1055,2147483647,247416919,1.47E+18,Bristol,"Avonmouth & Lawrence Weston",51.4820300,-2.6823000,"Entire home/apt",1
1056,2147483647,717438534,1.50E+18,Bristol,Ashley,51.4691462,-2.5790311,"Private room",3
1057,2147483647,717438534,1.50E+18,Bristol,Ashley,51.4671800,-2.5783400,"Private room",3
1058,2147483647,485558,1.47E+18,Bristol,Bedminster,51.4392600,-2.6171200,"Entire home/apt",1
1059,2147483647,563500209,1.47E+18,Bristol,"Lawrence Hill",51.4538055,-2.5779658,"Entire home/apt",3
1060,2147483647,563500209,1.47E+18,Bristol,"Lawrence Hill",51.4533051,-2.5769290,"Entire home/apt",3
1061,2147483647,236481623,1.47E+18,Bristol,"Lawrence Hill",51.4535200,-2.5771900,"Entire home/apt",48
1062,2147483647,236481623,1.47E+18,Bristol,"Lawrence Hill",51.4527700,-2.5764100,"Entire home/apt",48
1063,2147483647,551879731,1.47E+18,Bristol,Southville,51.4439600,-2.5881600,"Entire home/apt",1
1064,2147483647,16630323,1.46E+18,Bristol,Lockleaze,51.4977212,-2.5710712,"Entire home/apt",22
1065,2147483647,201996822,1.47E+18,Bristol,"Clifton Down",51.4642500,-2.6175700,"Entire home/apt",4
1066,2147483647,489685404,1.47E+18,Bristol,Easton,51.4577100,-2.5618000,"Entire home/apt",20
1067,2147483647,489685404,1.47E+18,Bristol,"Lawrence Hill",51.4569500,-2.5627700,"Entire home/apt",20
1068,2147483647,489685404,1.47E+18,Bristol,"Lawrence Hill",51.4562100,-2.5791800,"Entire home/apt",20
1069,2147483647,122166170,1.47E+18,Bristol,"Clifton Down",51.4658424,-2.6104083,"Entire home/apt",4
1070,2147483647,133402185,1.47E+18,Bristol,"Clifton Down",51.4648616,-2.6131877,"Entire home/apt",1
1071,2147483647,91623818,1.46E+18,Bristol,Clifton,51.4549400,-2.6231000,"Entire home/apt",2
1072,2147483647,80283743,1.47E+18,Bristol,Ashley,51.4709500,-2.5769400,"Entire home/apt",1
1073,2147483647,563500209,1.47E+18,Bristol,Southville,51.4443200,-2.5928200,"Entire home/apt",3
1074,2147483647,4910749,1.46E+18,Bristol,Southville,51.4404600,-2.6129200,"Entire home/apt",2
1075,2147483647,59699467,1.47E+18,Bristol,Horfield,51.4921573,-2.5915948,"Entire home/apt",1
1076,2147483647,15948424,1.46E+18,Bristol,Redland,51.4731300,-2.5921500,"Entire home/apt",1
1077,2147483647,16298856,1.46E+18,Bristol,Ashley,51.4667000,-2.5759000,"Entire home/apt",1
1078,2147483647,408303733,1.47E+18,Bristol,Ashley,51.4757700,-2.5817400,"Entire home/apt",1
1079,2147483647,45972679,1.47E+18,Bristol,Knowle,51.4335100,-2.5618900,"Private room",2
1080,2147483647,191609921,1.47E+18,Bristol,Bedminster,51.4371238,-2.6090786,"Entire home/apt",2
1081,2147483647,27000585,1.47E+18,Bristol,Cotham,51.4616287,-2.5978260,"Entire home/apt",1
1082,2147483647,236481623,1.47E+18,Bristol,"Hotwells & Harbourside",51.4523800,-2.6025400,"Entire home/apt",48
1083,2147483647,236481623,1.47E+18,Bristol,"Hotwells & Harbourside",51.4499400,-2.6031200,"Entire home/apt",48
1084,2147483647,137640222,1.47E+18,Bristol,"Brislington West",51.4427400,-2.5569900,"Entire home/apt",1
1085,2147483647,51686051,1.47E+18,Bristol,Cotham,51.4649654,-2.6005977,"Entire home/apt",27
1086,2147483647,156020114,1.47E+18,Bristol,Easton,51.4589100,-2.5568800,"Private room",2
1087,2147483647,16391362,1.46E+18,Bristol,Eastville,51.4803800,-2.5565200,"Private room",1
1088,2147483647,14505869,1.46E+18,Bristol,"Bishopston & Ashley Down",51.4805100,-2.5841900,"Private room",2
1089,2147483647,340537594,1.47E+18,Bristol,Easton,51.4638737,-2.5536417,"Entire home/apt",1
1090,2147483647,35076760,1.47E+18,Bristol,Easton,51.4661520,-2.5554670,"Entire home/apt",1
1091,2147483647,5659540,1.46E+18,Bristol,Southville,51.4423500,-2.6044700,"Entire home/apt",1
1092,2147483647,120432,1.46E+18,Bristol,Eastville,51.4754400,-2.5469800,"Entire home/apt",1
1093,2147483647,372675790,1.47E+18,Bristol,Southville,51.4436157,-2.5925728,"Entire home/apt",1
1094,2147483647,6991492,1.46E+18,Bristol,Redland,51.4727742,-2.6124678,"Entire home/apt",1
1095,2147483647,211628220,1.47E+18,Bristol,Easton,51.4688116,-2.5618822,"Entire home/apt",1
1096,2147483647,127163369,1.63E+18,Bristol,Bedminster,51.4412471,-2.6022733,"Entire home/apt",1
1097,2147483647,236481623,1.47E+18,Bristol,Southville,51.4442100,-2.5916800,"Entire home/apt",48
1098,2147483647,5982235,1.46E+18,Bristol,"Bishopston & Ashley Down",51.4796600,-2.5795900,"Entire home/apt",3
1099,2147483647,19381233,1.46E+18,Bristol,Clifton,51.4505167,-2.6111241,"Entire home/apt",1
1100,2147483647,23537006,1.47E+18,Bristol,"Brislington East",51.4355500,-2.5470400,"Private room",3
1101,2147483647,64795243,1.47E+18,Bristol,Lockleaze,51.4945500,-2.5654900,"Private room",1
1102,2147483647,144635377,1.47E+18,Bristol,Knowle,51.4367232,-2.5659859,"Private room",1
1103,2147483647,122696129,1.47E+18,Bristol,Central,51.4614884,-2.6034469,"Private room",4
1104,2147483647,52500231,1.47E+18,Bristol,Cotham,51.4625028,-2.5974159,"Private room",1
1105,2147483647,34175369,1.47E+18,Bristol,"Clifton Down",51.4654432,-2.6144578,"Entire home/apt",1
1106,2147483647,20626735,1.46E+18,Bristol,"Clifton Down",51.4683400,-2.6164100,"Entire home/apt",1
1107,2147483647,42277755,1.47E+18,Bristol,"Bishopston & Ashley Down",51.4765088,-2.5893814,"Private room",2
1108,2147483647,65192629,1.46E+18,Bristol,"Clifton Down",51.4689136,-2.6134519,"Entire home/apt",141
1109,2147483647,2147483647,1.71E+18,Bristol,Clifton,51.4558719,-2.6106607,"Entire home/apt",2
1110,2147483647,14155713,1.46E+18,Bristol,"Brislington West",51.4395800,-2.5519300,"Entire home/apt",1
1111,2147483647,44734831,1.46E+18,Bristol,Clifton,51.4615800,-2.6164200,"Entire home/apt",3
1112,2147483647,24267904,1.47E+18,Bristol,Clifton,51.4594175,-2.6205144,"Entire home/apt",1
1113,2147483647,701995158,1.47E+18,Bristol,"St George Troopers Hill",51.4521899,-2.5344621,"Entire home/apt",8
1114,2147483647,247173780,1.65E+18,Bristol,"Brislington West",51.4402736,-2.5556819,"Entire home/apt",1
1115,2147483647,45972679,1.47E+18,Bristol,"Brislington West",51.4357200,-2.5616400,"Entire home/apt",2
1116,2147483647,227675903,1.47E+18,Bristol,"Brislington East",51.4490500,-2.5494900,"Entire home/apt",1
1117,2147483647,72498569,1.47E+18,Bristol,"St George Central",51.4664315,-2.5208694,"Entire home/apt",1
1118,2147483647,69186676,1.47E+18,Bristol,"Brislington East",51.4357342,-2.5500624,"Entire home/apt",1
1119,2147483647,9646619,1.46E+18,Bristol,"Bishopston & Ashley Down",51.4838400,-2.5862500,"Entire home/apt",1
1120,2147483647,203327697,1.56E+18,Bristol,Ashley,51.4649400,-2.5859600,"Entire home/apt",1
1121,2147483647,591375474,1.47E+18,Bristol,Central,51.4486436,-2.5970465,"Private room",12
1122,2147483647,591375474,1.47E+18,Bristol,Central,51.4488179,-2.5963958,"Private room",12
1123,2147483647,591375474,1.47E+18,Bristol,Central,51.4508445,-2.5964460,"Private room",12
1124,2147483647,591375474,1.47E+18,Bristol,Central,51.4505800,-2.5971100,"Private room",12
1125,2147483647,591375474,1.47E+18,Bristol,Central,51.4490500,-2.5977400,"Private room",12
1126,2147483647,591375474,1.47E+18,Bristol,Central,51.4500100,-2.5979200,"Private room",12
1127,2147483647,591375474,1.47E+18,Bristol,Central,51.4493700,-2.5960700,"Private room",12
1128,2147483647,591375474,1.47E+18,Bristol,Central,51.4492200,-2.5976100,"Private room",12
1129,2147483647,591375474,1.47E+18,Bristol,Central,51.4490414,-2.5963809,"Private room",12
1130,2147483647,591375474,1.47E+18,Bristol,Central,51.4501538,-2.5974009,"Private room",12
1131,2147483647,752324704,1.64E+18,Bristol,"Windmill Hill",51.4361100,-2.5978400,"Entire home/apt",1
1132,2147483647,16486893,1.46E+18,Bristol,Bedminster,51.4397000,-2.6012500,"Entire home/apt",1
1133,2147483647,145484295,1.46E+18,Bristol,Central,51.4592900,-2.6082500,"Entire home/apt",22
1134,2147483647,145484295,1.46E+18,Bristol,Central,51.4604800,-2.6084400,"Entire home/apt",22
1135,2147483647,145484295,1.46E+18,Bristol,"Clifton Down",51.4602100,-2.6106200,"Entire home/apt",22
1136,2147483647,145484295,1.46E+18,Bristol,"Clifton Down",51.4590000,-2.6102100,"Entire home/apt",22
1137,2147483647,145484295,1.46E+18,Bristol,"Clifton Down",51.4590200,-2.6088000,"Entire home/apt",22
1138,2147483647,482025947,1.47E+18,Bristol,"Stoke Bishop",51.4768405,-2.6318141,"Entire home/apt",2
1139,2147483647,283113708,1.47E+18,Bristol,"St George Central",51.4610200,-2.5307100,"Entire home/apt",1
1140,2147483647,3996407,1.46E+18,Bristol,"Clifton Down",51.4615910,-2.6104401,"Entire home/apt",2
1141,2147483647,16630323,1.46E+18,Bristol,"Brislington East",51.4362200,-2.5476500,"Entire home/apt",22
1142,2147483647,213429784,1.46E+18,Bristol,Ashley,51.4644300,-2.5779200,"Private room",6
1143,2147483647,217927321,1.47E+18,Bristol,"Avonmouth & Lawrence Weston",51.4960200,-2.6432800,"Entire home/apt",3
1144,2147483647,217927321,1.47E+18,Bristol,"Avonmouth & Lawrence Weston",51.4963928,-2.6444139,"Entire home/apt",3
1145,2147483647,217927321,1.47E+18,Bristol,"Avonmouth & Lawrence Weston",51.4956500,-2.6451400,"Entire home/apt",3
1146,2147483647,254057759,1.47E+18,Bristol,"Hotwells & Harbourside",51.4550663,-2.6060127,"Entire home/apt",3
1147,2147483647,254057759,1.47E+18,Bristol,Central,51.4566501,-2.6058410,"Entire home/apt",3
1148,2147483647,254057759,1.47E+18,Bristol,Central,51.4566302,-2.6055686,"Entire home/apt",3
1149,2147483647,65681357,1.47E+18,Bristol,Lockleaze,51.4948724,-2.5669242,"Private room",5
1150,2147483647,2147483647,1.68E+18,Bristol,"Frome Vale",51.4825004,-2.5273071,"Entire home/apt",1
1151,2147483647,701995158,1.47E+18,Bristol,"Lawrence Hill",51.4529691,-2.5802773,"Entire home/apt",8
1152,2147483647,40532293,1.47E+18,Bristol,"St George Central",51.4619786,-2.5237006,"Entire home/apt",1
1153,2147483647,437069880,1.47E+18,Bristol,"Frome Vale",51.4882593,-2.5376858,"Entire home/apt",2
1154,2147483647,504641437,1.47E+18,Bristol,Redland,51.4791100,-2.5993700,"Private room",1
1155,2147483647,16630323,1.46E+18,Bristol,"Henbury & Brentry",51.5103000,-2.6405900,"Entire home/apt",22
1156,2147483647,553112113,1.47E+18,Bristol,"St George Troopers Hill",51.4547000,-2.5367200,"Private room",1
1157,2147483647,416505753,1.47E+18,Bristol,Southville,51.4406809,-2.6142662,"Private room",2
1158,2147483647,595307759,1.47E+18,Bristol,Horfield,51.4928400,-2.6003900,"Private room",7
1159,2147483647,721878632,1.52E+18,Bristol,"Frome Vale",51.4813173,-2.5275878,"Entire home/apt",1
1160,2147483647,532754986,1.47E+18,Bristol,"Brislington East",51.4362704,-2.5360806,"Entire home/apt",1
1161,2147483647,76074723,1.47E+18,Bristol,"Hotwells & Harbourside",51.4471300,-2.6035900,"Entire home/apt",13
1162,2147483647,460024969,1.47E+18,Bristol,Ashley,51.4692000,-2.5834300,"Entire home/apt",1
1163,2147483647,532182189,1.47E+18,Bristol,Ashley,51.4647600,-2.5888800,"Entire home/apt",1
1164,2147483647,701995158,1.47E+18,Bristol,"Frome Vale",51.4869000,-2.5473700,"Entire home/apt",8
1165,2147483647,687506712,1.47E+18,Bristol,"Frome Vale",51.4902600,-2.5387500,"Entire home/apt",2
1166,2147483647,701995158,1.47E+18,Bristol,"Lawrence Hill",51.4534854,-2.5796889,"Entire home/apt",8
1167,2147483647,86048604,1.47E+18,Bristol,Southville,51.4430270,-2.6123881,"Entire home/apt",1
1168,2147483647,152788806,1.46E+18,Bristol,Eastville,51.4750500,-2.5474600,"Entire home/apt",20
1169,2147483647,41238750,1.47E+18,Bristol,Ashley,51.4600986,-2.5871532,"Entire home/apt",1
1170,2147483647,152788806,1.46E+18,Bristol,Eastville,51.4727160,-2.5485472,"Entire home/apt",20
1171,2147483647,76333481,1.47E+18,Bristol,Southville,51.4419000,-2.6221900,"Private room",2
1172,2147483647,236481623,1.47E+18,Bristol,Clifton,51.4544641,-2.6175141,"Entire home/apt",48
1173,2147483647,236481623,1.47E+18,Bristol,Clifton,51.4548400,-2.6194800,"Entire home/apt",48
1174,2147483647,597867626,1.47E+18,Bristol,Filwood,51.4235374,-2.5759798,"Private room",1
1175,2147483647,33468771,1.47E+18,Bristol,"Frome Vale",51.4893135,-2.5408615,"Entire home/apt",3
1176,2147483647,33468771,1.47E+18,Bristol,"Frome Vale",51.4893135,-2.5408615,"Entire home/apt",3
1177,2147483647,33468771,1.47E+18,Bristol,"Frome Vale",51.4893135,-2.5408615,"Entire home/apt",3
1178,2147483647,529719340,1.47E+18,Bristol,Ashley,51.4669500,-2.5793400,"Entire home/apt",34
1179,2147483647,235856981,1.47E+18,Bristol,Stockwood,51.4107500,-2.5524500,"Entire home/apt",1
1180,2147483647,5567174,1.46E+18,Bristol,"Clifton Down",51.4620800,-2.6095300,"Private room",11
1181,2147483647,49649555,1.47E+18,Bristol,Cotham,51.4686700,-2.6026500,"Entire home/apt",1
1182,2147483647,499956066,1.47E+18,Bristol,"Lawrence Hill",51.4566796,-2.5810789,"Private room",1
1183,2147483647,439525488,1.47E+18,Bristol,"Clifton Down",51.4581964,-2.6125530,"Entire home/apt",31
1184,2147483647,703625067,1.47E+18,Bristol,Cotham,51.4639899,-2.6022748,"Entire home/apt",16
1185,2147483647,3307675,1.46E+18,Bristol,"Brislington East",51.4501500,-2.5464400,"Entire home/apt",1
1186,2147483647,156020114,1.47E+18,Bristol,Easton,51.4590878,-2.5569559,"Entire home/apt",2
1187,2147483647,58213318,1.47E+18,Bristol,"Brislington West",51.4428538,-2.5525801,"Entire home/apt",1
1188,2147483647,46399716,1.46E+18,Bristol,Lockleaze,51.4790652,-2.5738996,"Entire home/apt",14
1189,2147483647,439525488,1.47E+18,Bristol,"Clifton Down",51.4581630,-2.6125423,"Entire home/apt",31
1190,2147483647,501035896,1.47E+18,Bristol,Ashley,51.4715300,-2.5850400,"Entire home/apt",1
1191,2147483647,336243283,1.47E+18,Bristol,Eastville,51.4789700,-2.5420800,"Entire home/apt",1
1192,2147483647,437874450,1.48E+18,Bristol,Filwood,51.4207666,-2.5973912,"Entire home/apt",1
1193,2147483647,26820848,1.47E+18,Bristol,"Avonmouth & Lawrence Weston",51.4966953,-2.6630387,"Entire home/apt",1
1194,2147483647,78402433,1.47E+18,Bristol,Bishopsworth,51.4218800,-2.6061900,"Entire home/apt",1
1195,2147483647,146425738,1.46E+18,Bristol,"Brislington West",51.4285521,-2.5394191,"Entire home/apt",2
1196,2147483647,5941421,1.46E+18,Bristol,Eastville,51.4781738,-2.5396673,"Private room",1
1197,2147483647,442065994,1.47E+18,Bristol,"Frome Vale",51.4831420,-2.5394086,"Entire home/apt",1
1198,2147483647,91980627,1.47E+18,Bristol,Bedminster,51.4369350,-2.6118930,"Entire home/apt",1
1199,2147483647,24820720,1.47E+18,Bristol,Eastville,51.4748700,-2.5413200,"Entire home/apt",1
1200,2147483647,701995158,1.47E+18,Bristol,"St George West",51.4570100,-2.5490400,"Entire home/apt",8
1201,2147483647,145619519,1.52E+18,Bristol,"Brislington West",51.4430200,-2.5630700,"Entire home/apt",1
1202,2147483647,10368086,1.46E+18,Bristol,Cotham,51.4664130,-2.5997669,"Private room",1
1203,2147483647,137846561,1.47E+18,Bristol,Southville,51.4459400,-2.6068800,"Entire home/apt",2
1204,2147483647,210907796,1.64E+18,Bristol,"Bishopston & Ashley Down",51.4763244,-2.5866275,"Private room",1
1205,2147483647,2418068,1.46E+18,Bristol,"Bishopston & Ashley Down",51.4835393,-2.5871093,"Entire home/apt",1
1206,2147483647,152942211,1.47E+18,Bristol,Easton,51.4613000,-2.5587600,"Entire home/apt",1
1207,2147483647,452666032,1.47E+18,Bristol,"Westbury-on-Trym & Henleaze",51.4944210,-2.6180984,"Entire home/apt",22
1208,2147483647,137846561,1.47E+18,Bristol,Southville,51.4442691,-2.6069601,"Private room",2
1209,2147483647,21085598,1.70E+18,Bristol,Easton,51.4698459,-2.5633670,"Private room",1
1210,2147483647,250515928,1.65E+18,Bristol,Southville,51.4421319,-2.6029404,"Entire home/apt",2
1211,2147483647,34564476,1.47E+18,Bristol,"Windmill Hill",51.4428400,-2.5833900,"Private room",2
1212,2147483647,2570006,1.46E+18,Bristol,Southville,51.4432700,-2.6036500,"Entire home/apt",1
1213,2147483647,76145012,1.47E+18,Bristol,Cotham,51.4648405,-2.5944267,"Entire home/apt",1
1214,2147483647,40148347,1.46E+18,Bristol,Southville,51.4422403,-2.5971972,"Entire home/apt",2
1215,2147483647,179553900,1.63E+18,Bristol,Southville,51.4442425,-2.6038380,"Private room",1
1216,2147483647,21414857,1.46E+18,Bristol,"Bishopston & Ashley Down",51.4831050,-2.5949200,"Private room",1
1217,2147483647,27349373,1.47E+18,Bristol,Easton,51.4633685,-2.5594874,"Private room",2
1218,2147483647,386607712,1.47E+18,Bristol,"Windmill Hill",51.4415836,-2.5752806,"Entire home/apt",1
1219,2147483647,14939735,1.46E+18,Bristol,Central,51.4637500,-2.5912500,"Entire home/apt",2
1220,2147483647,432697344,1.47E+18,Bristol,Central,51.4610400,-2.6048900,"Entire home/apt",1
1221,2147483647,143780615,1.47E+18,Bristol,Southville,51.4439177,-2.5938365,"Entire home/apt",1
1222,2147483647,307121605,1.47E+18,Bristol,"Bishopston & Ashley Down",51.4760000,-2.5862000,"Private room",1
1223,2147483647,428594769,1.47E+18,Bristol,"Stoke Bishop",51.4884294,-2.6398345,"Private room",1
1224,2147483647,133121412,1.47E+18,Bristol,"Brislington West",51.4404500,-2.5557700,"Entire home/apt",6
1225,2147483647,152849966,1.47E+18,Bristol,Stockwood,51.4268800,-2.5545800,"Private room",1
1226,2147483647,399689048,1.47E+18,Bristol,Lockleaze,51.4782100,-2.5632600,"Private room",1
1227,2147483647,665166054,1.47E+18,Bristol,Bedminster,51.4312866,-2.6209693,"Entire home/apt",1
1228,2147483647,29334528,1.47E+18,Bristol,Eastville,51.4781557,-2.5427825,"Private room",3
1229,2147483647,595307759,1.47E+18,Bristol,"St George Central",51.4592244,-2.5287478,"Private room",7
1230,2147483647,704952389,1.47E+18,Bristol,"St George Central",51.4617104,-2.5237188,"Entire home/apt",2
1231,2147483647,341510487,1.47E+18,Bristol,"Brislington East",51.4394487,-2.5493124,"Entire home/apt",1
1232,2147483647,595307759,1.47E+18,Bristol,"St George Central",51.4580322,-2.5274925,"Entire home/apt",7
1233,2147483647,104771279,1.64E+18,Bristol,"Hengrove & Whitchurch Park",51.4117521,-2.5757627,"Entire home/apt",1
1234,2147483647,8877046,1.46E+18,Bristol,Ashley,51.4607200,-2.5854600,"Entire home/apt",1
1235,2147483647,750143361,1.64E+18,Bristol,Central,51.4525991,-2.5994010,"Entire home/apt",4
1236,2147483647,563390510,1.47E+18,Bristol,Filwood,51.4292500,-2.5851400,"Entire home/apt",2
1237,2147483647,216568547,1.70E+18,Bristol,Ashley,51.4679476,-2.5812591,"Private room",1
1238,2147483647,410588887,1.47E+18,Bristol,Ashley,51.4600552,-2.5852053,"Entire home/apt",17
1239,2147483647,410588887,1.47E+18,Bristol,Ashley,51.4601089,-2.5854043,"Entire home/apt",17
1240,2147483647,410588887,1.47E+18,Bristol,Ashley,51.4600153,-2.5852033,"Entire home/apt",17
1241,2147483647,410588887,1.47E+18,Bristol,Ashley,51.4608100,-2.5863000,"Entire home/apt",17
1242,2147483647,410588887,1.47E+18,Bristol,Ashley,51.4597100,-2.5849800,"Entire home/apt",17
1243,2147483647,410588887,1.47E+18,Bristol,Ashley,51.4600420,-2.5852033,"Entire home/apt",17
1244,2147483647,410588887,1.47E+18,Bristol,Ashley,51.4607400,-2.5854700,"Entire home/apt",17
1245,2147483647,410588887,1.47E+18,Bristol,Ashley,51.4605400,-2.5847400,"Entire home/apt",17
1246,2147483647,678520408,1.47E+18,Bristol,Bishopsworth,51.4172200,-2.6172300,"Entire home/apt",1
1247,2147483647,76908489,1.47E+18,Bristol,Southville,51.4397021,-2.6146492,"Entire home/apt",1
1248,2147483647,62910257,1.47E+18,Bristol,"Westbury-on-Trym & Henleaze",51.4944400,-2.6369700,"Entire home/apt",1
1249,2147483647,595307759,1.47E+18,Bristol,"St George Troopers Hill",51.4576288,-2.5288643,"Private room",7
1250,2147483647,152788806,1.46E+18,Bristol,Eastville,51.4734600,-2.5483600,"Entire home/apt",20
1251,2147483647,656477553,1.47E+18,Bristol,Horfield,51.4959700,-2.5786300,"Entire home/apt",3
1252,2147483647,652923171,1.47E+18,Bristol,Central,51.4561205,-2.5947862,"Hotel room",6
1253,2147483647,652923171,1.47E+18,Bristol,Central,51.4543030,-2.5928452,"Hotel room",6
1254,2147483647,652923171,1.47E+18,Bristol,Central,51.4541662,-2.5942392,"Hotel room",6
1255,2147483647,652923171,1.47E+18,Bristol,Central,51.4564691,-2.5930645,"Hotel room",6
1256,2147483647,652923171,1.47E+18,Bristol,Central,51.4544423,-2.5947134,"Hotel room",6
1257,2147483647,652923171,1.47E+18,Bristol,Central,51.4546842,-2.5946468,"Hotel room",6
1258,2147483647,704952389,1.47E+18,Bristol,"St George Central",51.4617104,-2.5237188,"Entire home/apt",2
1259,2147483647,63354281,1.47E+18,Bristol,Redland,51.4757581,-2.5917245,"Entire home/apt",1
1260,2147483647,30890024,1.47E+18,Bristol,"Windmill Hill",51.4368700,-2.5797600,"Entire home/apt",2
1261,2147483647,754689254,1.67E+18,Bristol,"Stoke Bishop",51.4900453,-2.6484231,"Entire home/apt",1
1262,2147483647,16630323,1.46E+18,Bristol,Lockleaze,51.4984500,-2.5707500,"Entire home/apt",22
1263,2147483647,595307759,1.47E+18,Bristol,"St George Troopers Hill",51.4580095,-2.5284640,"Private room",7
1264,2147483647,125651447,1.47E+18,Bristol,"Clifton Down",51.4675600,-2.6125700,"Entire home/apt",67
1265,2147483647,36511336,1.46E+18,Bristol,"Bishopston & Ashley Down",51.4828800,-2.5885900,"Entire home/apt",1
1266,2147483647,595307759,1.47E+18,Bristol,"St George Troopers Hill",51.4577707,-2.5276761,"Private room",7
1267,2147483647,583075246,1.55E+18,Bristol,"Brislington East",51.4348698,-2.5523240,"Entire home/apt",1
1268,2147483647,16630323,1.46E+18,Bristol,Ashley,51.4609532,-2.5865243,"Entire home/apt",22
1269,2147483647,50811128,1.63E+18,Bristol,Ashley,51.4624489,-2.5877526,"Entire home/apt",1
1270,2147483647,36374210,1.47E+18,Bristol,Lockleaze,51.4754537,-2.5640088,"Entire home/apt",1
1271,2147483647,45339093,1.47E+18,Bristol,Ashley,51.4665948,-2.5800362,"Entire home/apt",5
1272,2147483647,45339093,1.47E+18,Bristol,Ashley,51.4672500,-2.5807200,"Entire home/apt",5
1273,2147483647,45339093,1.47E+18,Bristol,Ashley,51.4663047,-2.5801647,"Entire home/apt",5
1274,2147483647,45339093,1.47E+18,Bristol,Ashley,51.4665854,-2.5800574,"Entire home/apt",5
1275,2147483647,103596347,1.47E+18,Bristol,"Windmill Hill",51.4374700,-2.5985600,"Entire home/apt",2
1276,2147483647,439525488,1.47E+18,Bristol,Southmead,51.5009596,-2.6031748,"Entire home/apt",31
1277,2147483647,439525488,1.47E+18,Bristol,"Henbury & Brentry",51.5136113,-2.6277331,"Entire home/apt",31
1278,2147483647,439525488,1.47E+18,Bristol,Horfield,51.5029298,-2.5882655,"Entire home/apt",31
1279,2147483647,439525488,1.47E+18,Bristol,"Windmill Hill",51.4384938,-2.5958347,"Entire home/apt",31
1280,2147483647,439525488,1.47E+18,Bristol,Easton,51.4653928,-2.5629370,"Entire home/apt",31
1281,2147483647,439525488,1.47E+18,Bristol,"Avonmouth & Lawrence Weston",51.4975300,-2.6476600,"Entire home/apt",31
1282,2147483647,154152507,1.47E+18,Bristol,Clifton,51.4532152,-2.6255171,"Entire home/apt",29
1283,2147483647,154152507,1.47E+18,Bristol,Clifton,51.4531671,-2.6245844,"Entire home/apt",29
1284,2147483647,529719340,1.47E+18,Bristol,Bishopsworth,51.4162608,-2.6176633,"Entire home/apt",34
1285,2147483647,452666032,1.47E+18,Bristol,"Bishopston & Ashley Down",51.4794000,-2.5827000,"Entire home/apt",22
1286,2147483647,569510721,1.47E+18,Bristol,"Lawrence Hill",51.4489901,-2.5744778,"Entire home/apt",2
1287,2147483647,569510721,1.47E+18,Bristol,"Lawrence Hill",51.4487040,-2.5749749,"Entire home/apt",2
1288,2147483647,271873490,1.47E+18,Bristol,"Frome Vale",51.4831946,-2.5389841,"Private room",1
1289,2147483647,16630323,1.46E+18,Bristol,Easton,51.4605700,-2.5591100,"Entire home/apt",22
1290,2147483647,65192629,1.46E+18,Bristol,Ashley,51.4616276,-2.5890323,"Entire home/apt",141
1291,2147483647,30339341,1.47E+18,Bristol,Ashley,51.4684121,-2.5855676,"Entire home/apt",1
1292,2147483647,217550485,1.47E+18,Bristol,Ashley,51.4615770,-2.5869430,"Entire home/apt",7
1293,2147483647,441552496,1.47E+18,Bristol,Ashley,51.4630161,-2.5846385,"Entire home/apt",5
1294,2147483647,12312897,1.46E+18,Bristol,Ashley,51.4671000,-2.5867300,"Entire home/apt",1
1295,2147483647,51686051,1.47E+18,Bristol,Ashley,51.4633000,-2.5878100,"Entire home/apt",27
1296,2147483647,254043845,1.47E+18,Bristol,Central,51.4574430,-2.6074580,"Entire home/apt",1
1297,2147483647,36502975,1.47E+18,Bristol,"Bishopston & Ashley Down",51.4849000,-2.5870800,"Entire home/apt",2
1298,2147483647,534538903,1.47E+18,Bristol,"Clifton Down",51.4578900,-2.6106800,"Entire home/apt",1
1299,2147483647,3877537,1.46E+18,Bristol,Ashley,51.4613488,-2.5857782,"Entire home/apt",2
1300,2147483647,329617488,1.47E+18,Bristol,Ashley,51.4597400,-2.5852600,"Entire home/apt",1
1301,2147483647,25655886,1.47E+18,Bristol,"Windmill Hill",51.4434666,-2.5830591,"Private room",1
1302,2147483647,439525488,1.47E+18,Bristol,Central,51.4517871,-2.5870162,"Entire home/apt",31
1303,2147483647,164934575,1.47E+18,Bristol,"Lawrence Hill",51.4573300,-2.5820100,"Entire home/apt",17
1304,2147483647,563410533,1.47E+18,Bristol,Central,51.4535376,-2.5948016,"Entire home/apt",6
1305,2147483647,563410533,1.47E+18,Bristol,"St George Central",51.4616000,-2.5341000,"Entire home/apt",6
1306,2147483647,164934575,1.47E+18,Bristol,Central,51.4530700,-2.5965700,"Entire home/apt",17
1307,2147483647,452666032,1.47E+18,Bristol,Ashley,51.4613000,-2.5858000,"Entire home/apt",22
1308,2147483647,2147483647,1.67E+18,Bristol,Central,51.4553336,-2.5948939,"Entire home/apt",2
1309,2147483647,439525488,1.47E+18,Bristol,Central,51.4518320,-2.5871563,"Entire home/apt",31
1310,2147483647,439525488,1.47E+18,Bristol,Southville,51.4455500,-2.6009200,"Entire home/apt",31
1311,2147483647,294696188,1.47E+18,Bristol,"Lawrence Hill",51.4573971,-2.5803201,"Entire home/apt",1
1312,2147483647,598181783,1.61E+18,Bristol,Ashley,51.4675500,-2.5748900,"Entire home/apt",2
1313,2147483647,718671,1.46E+18,Bristol,Ashley,51.4616827,-2.5847474,"Entire home/apt",1
1314,2147483647,46399716,1.46E+18,Bristol,"Hotwells & Harbourside",51.4509832,-2.6063006,"Entire home/apt",14
1315,2147483647,722858248,1.53E+18,Bristol,Ashley,51.4606500,-2.5852100,"Entire home/apt",6
1316,2147483647,750143361,1.64E+18,Bristol,Central,51.4533533,-2.5997359,"Entire home/apt",4
1317,2147483647,750143361,1.64E+18,Bristol,Central,51.4532075,-2.5987526,"Entire home/apt",4
1318,2147483647,431014904,1.47E+18,Bristol,Central,51.4548079,-2.5905910,"Entire home/apt",1
1319,2147483647,458743670,1.47E+18,Bristol,Redland,51.4740560,-2.5950967,"Private room",1
1320,2147483647,404899006,1.47E+18,Bristol,"Windmill Hill",51.4380300,-2.5828000,"Private room",1
1321,2147483647,5567174,1.46E+18,Bristol,Eastville,51.4811787,-2.5365196,"Private room",11
1322,2147483647,63991336,1.47E+18,Bristol,Central,51.4517800,-2.5899800,"Entire home/apt",1
1323,2147483647,592490399,1.47E+18,Bristol,Eastville,51.4678500,-2.5497100,"Entire home/apt",9
1324,2147483647,5567174,1.46E+18,Bristol,Central,51.4568700,-2.6077800,"Entire home/apt",11
1325,2147483647,5567174,1.46E+18,Bristol,Central,51.4569300,-2.6076700,"Entire home/apt",11
1326,2147483647,577780318,1.47E+18,Bristol,Central,51.4522500,-2.5927482,"Entire home/apt",1
1327,2147483647,543474957,1.47E+18,Bristol,Central,51.4564906,-2.5972729,"Entire home/apt",4
1328,2147483647,676980874,1.47E+18,Bristol,Southville,51.4442800,-2.5918000,"Entire home/apt",5
1329,2147483647,102560555,1.47E+18,Bristol,Southville,51.4405667,-2.5999490,"Entire home/apt",1
1330,2147483647,439525488,1.47E+18,Bristol,Central,51.4603360,-2.5935890,"Entire home/apt",31
1331,2147483647,439525488,1.47E+18,Bristol,Cotham,51.4641300,-2.5954800,"Entire home/apt",31
1332,2147483647,439525488,1.47E+18,Bristol,Cotham,51.4624300,-2.5956600,"Entire home/apt",31
1333,2147483647,439525488,1.47E+18,Bristol,Cotham,51.4634700,-2.5940500,"Entire home/apt",31
1334,2147483647,439525488,1.47E+18,Bristol,Cotham,51.4627700,-2.5949000,"Entire home/apt",31
1335,2147483647,504607906,1.47E+18,Bristol,Central,51.4526800,-2.5921900,"Entire home/apt",6
1336,2147483647,243446719,1.47E+18,Bristol,Southville,51.4435220,-2.6031727,"Entire home/apt",1
1337,2147483647,110843969,1.47E+18,Bristol,"Windmill Hill",51.4435768,-2.5826025,"Entire home/apt",1
1338,2147483647,154152507,1.47E+18,Bristol,Cotham,51.4643000,-2.5980800,"Entire home/apt",29
1339,2147483647,287196947,1.47E+18,Bristol,Southville,51.4417400,-2.6028700,"Entire home/apt",3
1340,2147483647,439827332,1.47E+18,Bristol,Easton,51.4642500,-2.5591100,"Entire home/apt",1
1341,2147483647,543474957,1.47E+18,Bristol,Central,51.4568718,-2.5969681,"Entire home/apt",4
1342,2147483647,5567174,1.46E+18,Bristol,"Hotwells & Harbourside",51.4550444,-2.6068601,"Entire home/apt",11
1343,2147483647,213429784,1.46E+18,Bristol,"Brislington West",51.4316500,-2.5502300,"Private room",6
1344,2147483647,65192629,1.46E+18,Bristol,"Lawrence Hill",51.4580024,-2.5827864,"Entire home/apt",141
1345,2147483647,51686051,1.47E+18,Bristol,Cotham,51.4662089,-2.6031151,"Entire home/apt",27
1346,2147483647,54559330,1.47E+18,Bristol,Clifton,51.4586033,-2.6162934,"Entire home/apt",4
1347,2147483647,54231705,1.47E+18,Bristol,"Bishopston & Ashley Down",51.4810600,-2.5809000,"Entire home/apt",1
1348,2147483647,346949582,1.47E+18,Bristol,Central,51.4565400,-2.5976500,"Private room",1
1349,2147483647,8494147,1.46E+18,Bristol,Clifton,51.4506300,-2.6193300,"Entire home/apt",2
1350,2147483647,199485273,1.47E+18,Bristol,Southmead,51.5012700,-2.6001400,"Entire home/apt",1
1351,2147483647,16630323,1.46E+18,Bristol,Southmead,51.5009400,-2.6014700,"Entire home/apt",22
1352,2147483647,145484295,1.46E+18,Bristol,Central,51.4559489,-2.6050930,"Entire home/apt",22
1353,2147483647,145484295,1.46E+18,Bristol,"Hotwells & Harbourside",51.4550102,-2.6041519,"Entire home/apt",22
1354,2147483647,145484295,1.46E+18,Bristol,"Hotwells & Harbourside",51.4552742,-2.6045583,"Entire home/apt",22
1355,2147483647,145484295,1.46E+18,Bristol,"Hotwells & Harbourside",51.4550100,-2.6041500,"Entire home/apt",22
1356,2147483647,145484295,1.46E+18,Bristol,"Hotwells & Harbourside",51.4550100,-2.6041500,"Entire home/apt",22
1357,2147483647,145484295,1.46E+18,Bristol,"Hotwells & Harbourside",51.4550102,-2.6041519,"Entire home/apt",22
1358,2147483647,670368049,1.46E+18,Bristol,Hillfields,51.4675988,-2.5210922,"Entire home/apt",1
1359,2147483647,702399835,1.47E+18,Bristol,Ashley,51.4625349,-2.5886891,"Entire home/apt",2
1360,2147483647,288995300,1.47E+18,Bristol,Clifton,51.4570570,-2.6111529,"Entire home/apt",1
1361,2147483647,16486175,1.46E+18,Bristol,"Windmill Hill",51.4413972,-2.5809685,"Entire home/apt",1
1362,2147483647,21538512,1.46E+18,Bristol,Knowle,51.4409600,-2.5692400,"Entire home/apt",1
1363,2147483647,167717594,1.56E+18,Bristol,Bedminster,51.4394906,-2.6029998,"Entire home/apt",2
1364,2147483647,18814450,1.46E+18,Bristol,"St George West",51.4581051,-2.5527987,"Entire home/apt",4
1365,2147483647,75257798,1.47E+18,Bristol,Southville,51.4422582,-2.6186265,"Entire home/apt",1
1366,2147483647,477816136,1.47E+18,Bristol,Southville,51.4436100,-2.6053300,"Entire home/apt",1
1367,2147483647,656477553,1.47E+18,Bristol,"Brislington West",51.4371712,-2.5524280,"Entire home/apt",3
1368,2147483647,529186057,1.47E+18,Bristol,"Hotwells & Harbourside",51.4493192,-2.6190144,"Entire home/apt",1
1369,2147483647,157540176,1.47E+18,Bristol,"Stoke Bishop",51.4777241,-2.6351949,"Entire home/apt",2
1370,2147483647,40355932,1.47E+18,Bristol,"Windmill Hill",51.4346945,-2.5869898,"Entire home/apt",1
1371,2147483647,559613767,1.47E+18,Bristol,Horfield,51.4888200,-2.5853400,"Entire home/apt",1
1372,2147483647,88115191,1.47E+18,Bristol,Horfield,51.4912600,-2.5802500,"Entire home/apt",1
1373,2147483647,574852070,1.47E+18,Bristol,Clifton,51.4525200,-2.6162800,"Entire home/apt",1
1374,2147483647,23611765,1.47E+18,Bristol,"Windmill Hill",51.4399908,-2.5747107,"Entire home/apt",1
1375,2147483647,751193869,1.64E+18,Bristol,Clifton,51.4586963,-2.6150544,"Entire home/apt",1
1376,2147483647,334046302,1.47E+18,Bristol,"Brislington West",51.4418420,-2.5555707,"Entire home/apt",1
1377,2147483647,34193526,1.47E+18,Bristol,"Lawrence Hill",51.4656900,-2.5661700,"Entire home/apt",1
1378,2147483647,9278515,1.46E+18,Bristol,"Lawrence Hill",51.4527827,-2.5759627,"Entire home/apt",1
1379,2147483647,662180360,1.47E+18,Bristol,Ashley,51.4685835,-2.5835753,"Private room",1
1380,2147483647,578036508,1.47E+18,Bristol,Clifton,51.4549691,-2.6203335,"Private room",1
1381,2147483647,2147483647,1.71E+18,Bristol,Bishopsworth,51.4182382,-2.6192320,"Entire home/apt",1
1382,2147483647,11032110,1.46E+18,Bristol,"Windmill Hill",51.4400000,-2.5922500,"Entire home/apt",1
1383,2147483647,18814450,1.46E+18,Bristol,"St George West",51.4581000,-2.5528000,"Entire home/apt",4
1384,2147483647,501763500,1.47E+18,Bristol,Lockleaze,51.4917700,-2.5657500,"Entire home/apt",1
1385,2147483647,592490399,1.47E+18,Bristol,Clifton,51.4532400,-2.6195600,"Entire home/apt",9
1386,2147483647,30867686,1.47E+18,Bristol,Eastville,51.4834300,-2.5569700,"Entire home/apt",1
1387,2147483647,32862540,1.46E+18,Bristol,"Avonmouth & Lawrence Weston",51.5020900,-2.6491800,"Entire home/apt",6
1388,2147483647,102671880,1.47E+18,Bristol,"Brislington West",51.4415900,-2.5564200,"Private room",1
1389,2147483647,155799882,1.47E+18,Bristol,Bedminster,51.4372700,-2.6045200,"Private room",1
1390,2147483647,15580753,1.46E+18,Bristol,Ashley,51.4703900,-2.5777600,"Entire home/apt",1
1391,2147483647,141562926,1.47E+18,Bristol,"Hengrove & Whitchurch Park",51.4250400,-2.5688500,"Private room",1
1392,2147483647,412193435,1.53E+18,Bristol,Stockwood,51.4137900,-2.5581600,"Private room",1
1393,2147483647,682491797,1.47E+18,Bristol,Eastville,51.4675930,-2.5460579,"Entire home/apt",1
1394,2147483647,213429784,1.46E+18,Bristol,"Brislington West",51.4313316,-2.5495270,"Private room",6
1395,2147483647,532187012,1.47E+18,Bristol,Filwood,51.4309589,-2.6028301,"Entire home/apt",1
1396,2147483647,216416067,1.47E+18,Bristol,"Clifton Down",51.4651707,-2.6098534,"Entire home/apt",1
1397,2147483647,520308550,1.47E+18,Bristol,"Frome Vale",51.4818100,-2.5274200,"Entire home/apt",3
1398,2147483647,42063406,1.47E+18,Bristol,Southville,51.4426807,-2.6124077,"Entire home/apt",1
1399,2147483647,519945528,1.47E+18,Bristol,Central,51.4567100,-2.5939700,"Entire home/apt",14
1400,2147483647,46399716,1.46E+18,Bristol,"Brislington East",51.4415384,-2.5361472,"Entire home/apt",14
1401,2147483647,439525488,1.47E+18,Bristol,Southville,51.4417265,-2.5978257,"Entire home/apt",31
1402,2147483647,339680412,1.47E+18,Bristol,"Clifton Down",51.4613289,-2.6155774,"Private room",1
1403,2147483647,54559330,1.47E+18,Bristol,Ashley,51.4617637,-2.5870613,"Entire home/apt",4
1404,2147483647,662625476,1.47E+18,Bristol,Central,51.4541028,-2.5953778,"Entire home/apt",1
1405,2147483647,2147483647,1.67E+18,Bristol,Central,51.4544240,-2.5957228,"Entire home/apt",2
1406,2147483647,61037818,1.47E+18,Bristol,"Lawrence Hill",51.4601700,-2.5787000,"Entire home/apt",1
1407,2147483647,389604484,1.46E+18,Bristol,Ashley,51.4619562,-2.5850816,"Private room",1
1408,2147483647,277069884,1.47E+18,Bristol,Ashley,51.4597500,-2.5865700,"Entire home/apt",2
1409,2147483647,307211001,1.47E+18,Bristol,Central,51.4553391,-2.5944291,"Entire home/apt",1
1410,2147483647,65192629,1.46E+18,Bristol,Central,51.4504027,-2.5884682,"Entire home/apt",141
1411,2147483647,452666032,1.47E+18,Bristol,Central,51.4543214,-2.5993318,"Entire home/apt",22
1412,2147483647,490080559,1.47E+18,Bristol,Central,51.4463247,-2.5921079,"Private room",1
1413,2147483647,581277243,1.46E+18,Bristol,Central,51.4529400,-2.5995900,"Entire home/apt",5
1414,2147483647,504607906,1.47E+18,Bristol,Central,51.4519466,-2.5930654,"Entire home/apt",6
1415,2147483647,504607906,1.47E+18,Bristol,Central,51.4522500,-2.5927482,"Entire home/apt",6
1416,2147483647,504607906,1.47E+18,Bristol,Central,51.4520825,-2.5926553,"Entire home/apt",6
1417,2147483647,722858248,1.53E+18,Bristol,Redland,51.4719200,-2.5930700,"Entire home/apt",6
1418,2147483647,44373820,1.47E+18,Bristol,Lockleaze,51.4850900,-2.5580500,"Entire home/apt",1
1419,2147483647,125651447,1.47E+18,Bristol,"Hotwells & Harbourside",51.4474600,-2.6007900,"Entire home/apt",67
1420,2147483647,540336899,1.47E+18,Bristol,Easton,51.4595376,-2.5565194,"Entire home/apt",1
1421,2147483647,452666032,1.47E+18,Bristol,Cotham,51.4651430,-2.5904907,"Entire home/apt",22
1422,2147483647,751407690,1.64E+18,Bristol,"Lawrence Hill",51.4634000,-2.5719700,"Entire home/apt",1
1423,2147483647,529719340,1.47E+18,Bristol,Clifton,51.4524700,-2.6196300,"Entire home/apt",34
1424,2147483647,42316654,1.47E+18,Bristol,Cotham,51.4688900,-2.6058900,"Entire home/apt",1
1425,2147483647,65326800,1.47E+18,Bristol,"Clifton Down",51.4638900,-2.6123500,"Entire home/apt",1
1426,2147483647,82257600,1.50E+18,Bristol,Central,51.4572200,-2.6076300,"Private room",1
1427,2147483647,24348853,1.47E+18,Bristol,Clifton,51.4570089,-2.6148020,"Entire home/apt",1
1428,2147483647,408291936,1.58E+18,Bristol,Clifton,51.4576742,-2.6132612,"Entire home/apt",1
1429,2147483647,27192969,1.47E+18,Bristol,"Clifton Down",51.4587675,-2.6112781,"Entire home/apt",1
1430,2147483647,2147483647,1.71E+18,Bristol,Clifton,51.4591342,-2.6152084,"Entire home/apt",1
1431,2147483647,441004569,1.47E+18,Bristol,Clifton,51.4506070,-2.6239170,"Entire home/apt",1
1432,2147483647,90043207,1.47E+18,Bristol,Clifton,51.4521600,-2.6122300,"Private room",2
1433,2147483647,104223476,1.47E+18,Bristol,"Clifton Down",51.4579000,-2.6124900,"Entire home/apt",1
1434,2147483647,2147483647,1.67E+18,Bristol,"Stoke Bishop",51.4712100,-2.6285500,"Entire home/apt",1
1435,2147483647,5567174,1.46E+18,Bristol,"Clifton Down",51.4623703,-2.6100984,"Entire home/apt",11
1436,2147483647,5567174,1.46E+18,Bristol,"Clifton Down",51.4635036,-2.6110483,"Private room",11
1437,2147483647,81589337,1.47E+18,Bristol,"Clifton Down",51.4597858,-2.6108376,"Entire home/apt",4
1438,2147483647,361834668,1.47E+18,Bristol,Clifton,51.4516700,-2.6116900,"Entire home/apt",1
1439,2147483647,217550485,1.47E+18,Bristol,Clifton,51.4549110,-2.6103890,"Entire home/apt",7
1440,2147483647,434218847,1.47E+18,Bristol,Central,51.4607700,-2.6082900,"Entire home/apt",33
1441,2147483647,703625067,1.47E+18,Bristol,Clifton,51.4561600,-2.6104500,"Entire home/apt",16
1442,2147483647,125651447,1.47E+18,Bristol,Clifton,51.4536902,-2.6144455,"Entire home/apt",67
1443,2147483647,125651447,1.47E+18,Bristol,Clifton,51.4555107,-2.6132022,"Entire home/apt",67
1444,2147483647,434218847,1.47E+18,Bristol,Clifton,51.4553638,-2.6179192,"Entire home/apt",33
1445,2147483647,434218847,1.47E+18,Bristol,Clifton,51.4537518,-2.6187421,"Entire home/apt",33
1446,2147483647,659034336,1.53E+18,Bristol,Clifton,51.4591084,-2.6209748,"Entire home/apt",1
1447,2147483647,121567236,1.47E+18,Bristol,Clifton,51.4581200,-2.6173600,"Entire home/apt",1
1448,2147483647,392143864,1.47E+18,Bristol,"Hotwells & Harbourside",51.4554900,-2.6043800,"Entire home/apt",1
1449,2147483647,2803540,1.46E+18,Bristol,Clifton,51.4512420,-2.6176275,"Entire home/apt",1
1450,2147483647,489685404,1.47E+18,Bristol,Clifton,51.4559690,-2.6134759,"Entire home/apt",20
1451,2147483647,45067331,1.47E+18,Bristol,"Lawrence Hill",51.4565000,-2.5683600,"Private room",1
1452,2147483647,531739075,1.68E+18,Bristol,Southmead,51.4930666,-2.6079862,"Private room",1
1453,2147483647,65192629,1.46E+18,Bristol,Clifton,51.4553090,-2.6222280,"Entire home/apt",141
1454,2147483647,154152507,1.47E+18,Bristol,"Clifton Down",51.4625500,-2.6134300,"Entire home/apt",29
1455,2147483647,154152507,1.47E+18,Bristol,"Clifton Down",51.4630500,-2.6117000,"Entire home/apt",29
1456,2147483647,441005352,1.47E+18,Bristol,Bedminster,51.4407300,-2.6020300,"Entire home/apt",9
1457,2147483647,441005352,1.47E+18,Bristol,Southville,51.4410900,-2.6006400,"Private room",9
1458,2147483647,441005352,1.47E+18,Bristol,Southville,51.4429200,-2.6007300,"Private room",9
1459,2147483647,441005352,1.47E+18,Bristol,Bedminster,51.4411400,-2.6019000,"Private room",9
1460,2147483647,441005352,1.47E+18,Bristol,Southville,51.4412900,-2.6004200,"Private room",9
1461,2147483647,441005352,1.47E+18,Bristol,Southville,51.4418026,-2.6016408,"Entire home/apt",9
1462,2147483647,441005352,1.47E+18,Bristol,Southville,51.4425800,-2.6013300,"Private room",9
1463,2147483647,514129793,1.47E+18,Bristol,Central,51.4548900,-2.5989100,"Entire home/apt",1
1464,2147483647,490752539,1.46E+18,Bristol,"Avonmouth & Lawrence Weston",51.5014300,-2.6616000,"Entire home/apt",1
1465,2147483647,581277243,1.46E+18,Bristol,Central,51.4525071,-2.5983992,"Entire home/apt",5
1466,2147483647,581277243,1.46E+18,Bristol,Central,51.4531889,-2.5999917,"Entire home/apt",5
1467,2147483647,47645537,1.47E+18,Bristol,Easton,51.4686300,-2.5644300,"Entire home/apt",1
1468,2147483647,42779126,1.47E+18,Bristol,Eastville,51.4765000,-2.5445700,"Entire home/apt",1
1469,2147483647,1831042,1.46E+18,Bristol,"Bishopston & Ashley Down",51.4826791,-2.5846725,"Entire home/apt",1
1470,2147483647,6286425,1.46E+18,Bristol,Clifton,51.4504086,-2.6111635,"Entire home/apt",1
1471,2147483647,4807777,1.46E+18,Bristol,"Windmill Hill",51.4379988,-2.5837481,"Entire home/apt",1
1472,2147483647,48240870,1.47E+18,Bristol,"Clifton Down",51.4697918,-2.6131517,"Entire home/apt",7
1473,2147483647,43713593,1.47E+18,Bristol,Lockleaze,51.4866500,-2.5776400,"Entire home/apt",1
1474,2147483647,523626069,1.47E+18,Bristol,Southville,51.4456000,-2.6021900,"Entire home/apt",1
1475,2147483647,125651447,1.47E+18,Bristol,Central,51.4574568,-2.5961372,"Entire home/apt",67
1476,2147483647,125651447,1.47E+18,Bristol,Central,51.4579720,-2.5965707,"Entire home/apt",67
1477,2147483647,168084304,1.46E+18,Bristol,Horfield,51.4896900,-2.5851700,"Private room",4
1478,2147483647,14330145,1.46E+18,Bristol,Ashley,51.4685978,-2.5835027,"Private room",1
1479,2147483647,39336957,1.47E+18,Bristol,"Brislington East",51.4499423,-2.5368148,"Entire home/apt",1
1480,2147483647,25336339,1.46E+18,Bristol,Redland,51.4812600,-2.6041400,"Entire home/apt",1
1481,2147483647,439525488,1.47E+18,Bristol,Filwood,51.4319750,-2.5890008,"Entire home/apt",31
1482,2147483647,725919650,1.54E+18,Bristol,Easton,51.4648591,-2.5616942,"Private room",1
1483,2147483647,18814450,1.46E+18,Bristol,"St George West",51.4581051,-2.5527987,"Private room",4
1484,2147483647,70655896,1.54E+18,Bristol,Horfield,51.4908731,-2.5826511,"Private room",1
1485,2147483647,566656624,1.47E+18,Bristol,Southmead,51.5026884,-2.5930108,"Private room",2
1486,2147483647,695047424,1.47E+18,Bristol,Easton,51.4678658,-2.5616376,"Entire home/apt",1
1487,2147483647,79771103,1.47E+18,Bristol,Eastville,51.4712300,-2.5608400,"Private room",1
1488,2147483647,167717594,1.56E+18,Bristol,Bedminster,51.4400900,-2.6033400,"Private room",2
1489,2147483647,743950338,1.61E+18,Bristol,Southmead,51.4976511,-2.5971265,"Entire home/apt",1
1490,2147483647,75743404,1.47E+18,Bristol,Horfield,51.4945151,-2.5810099,"Private room",1
1491,2147483647,149946961,1.47E+18,Bristol,"Lawrence Hill",51.4522326,-2.5771074,"Private room",1
1492,2147483647,529719340,1.47E+18,Bristol,Bishopsworth,51.4170800,-2.6173200,"Entire home/apt",34
1493,2147483647,27993683,1.47E+18,Bristol,Ashley,51.4732900,-2.5759100,"Entire home/apt",2
1494,2147483647,99506229,1.47E+18,Bristol,Easton,51.4660300,-2.5559300,"Private room",1
1495,2147483647,479758042,1.47E+18,Bristol,"Lawrence Hill",51.4570300,-2.5745500,"Private room",1
1496,2147483647,1993110,1.46E+18,Bristol,Easton,51.4692500,-2.5593800,"Private room",1
1497,2147483647,4977390,1.61E+18,Bristol,Easton,51.4609500,-2.5575000,"Private room",1
1498,2147483647,676980874,1.47E+18,Bristol,"Brislington West",51.4358139,-2.5587312,"Entire home/apt",5
1500,2147483647,33941088,1.47E+18,Bristol,Ashley,51.4728000,-2.5756900,"Entire home/apt",1
1501,2147483647,130398035,1.46E+18,Bristol,"Stoke Bishop",51.4747500,-2.6397300,"Entire home/apt",1
1502,2147483647,332013748,1.47E+18,Bristol,"Hartcliffe & Withywood",51.4099700,-2.6208700,"Entire home/apt",1
1503,2147483647,497354123,1.47E+18,Bristol,Ashley,51.4731000,-2.5909300,"Private room",1
1504,2147483647,71243763,1.47E+18,Bristol,Ashley,51.4682100,-2.5771200,"Entire home/apt",1
1505,2147483647,423105252,1.47E+18,Bristol,"Avonmouth & Lawrence Weston",51.4947242,-2.6653356,"Entire home/apt",5
1506,2147483647,423105252,1.47E+18,Bristol,"Avonmouth & Lawrence Weston",51.4947242,-2.6653356,"Entire home/apt",5
1507,2147483647,519751936,1.47E+18,Bristol,"Westbury-on-Trym & Henleaze",51.4926700,-2.6196100,"Entire home/apt",8
1508,2147483647,58054526,1.47E+18,Bristol,Bishopsworth,51.4205763,-2.6292623,"Entire home/apt",2
1509,2147483647,506988006,1.47E+18,Bristol,Redland,51.4735000,-2.5918200,"Entire home/apt",7
1510,2147483647,423105252,1.47E+18,Bristol,"Avonmouth & Lawrence Weston",51.4937184,-2.6674622,"Entire home/apt",5
1511,2147483647,238268860,1.47E+18,Bristol,"Avonmouth & Lawrence Weston",51.4891074,-2.6705704,"Private room",3
1512,2147483647,238268860,1.47E+18,Bristol,"Avonmouth & Lawrence Weston",51.4896027,-2.6715577,"Private room",3
1513,2147483647,740251984,1.68E+18,Bristol,"Lawrence Hill",51.4581032,-2.5657979,"Entire home/apt",1
1514,2147483647,248806530,1.47E+18,Bristol,"Clifton Down",51.4614409,-2.6097310,"Entire home/apt",1
1515,2147483647,81589337,1.47E+18,Bristol,"Brislington West",51.4433681,-2.5690228,"Entire home/apt",4
1516,2147483647,164934575,1.47E+18,Bristol,"Clifton Down",51.4666800,-2.6087300,"Entire home/apt",17
1517,2147483647,479807764,1.47E+18,Bristol,"Avonmouth & Lawrence Weston",51.4958400,-2.6461100,"Entire home/apt",1
1518,2147483647,74779221,1.47E+18,Bristol,Bedminster,51.4394755,-2.6095102,"Entire home/apt",1
1519,2147483647,8256363,1.46E+18,Bristol,Cotham,51.4634510,-2.5932629,"Private room",1
1520,2147483647,218801448,1.47E+18,Bristol,Filwood,51.4315126,-2.6041980,"Private room",1
1521,2147483647,529719340,1.47E+18,Bristol,Eastville,51.4809900,-2.5485300,"Entire home/apt",34
1522,2147483647,29652258,1.47E+18,Bristol,"Windmill Hill",51.4414900,-2.5813900,"Entire home/apt",1
1523,2147483647,12816190,1.46E+18,Bristol,"St George West",51.4636152,-2.5510728,"Entire home/apt",1
1524,2147483647,126491257,1.58E+18,Bristol,Hillfields,51.4682600,-2.5242400,"Entire home/apt",1
1525,2147483647,46399716,1.46E+18,Bristol,Ashley,51.4614319,-2.5882029,"Entire home/apt",14
1526,2147483647,523726525,1.47E+18,Bristol,Ashley,51.4623400,-2.5900132,"Entire home/apt",4
1527,2147483647,527982452,1.47E+18,Bristol,Central,51.4498900,-2.5924600,"Entire home/apt",1
1528,2147483647,287196947,1.47E+18,Bristol,Lockleaze,51.4854512,-2.5793124,"Entire home/apt",3
1529,2147483647,2147483647,1.67E+18,Bristol,"Lawrence Hill",51.4552000,-2.5779800,"Entire home/apt",2
1530,2147483647,51686051,1.47E+18,Bristol,Ashley,51.4625300,-2.5868100,"Entire home/apt",27
1531,2147483647,2147483647,1.67E+18,Bristol,"Lawrence Hill",51.4542400,-2.5793938,"Entire home/apt",2
1532,2147483647,32426956,1.47E+18,Bristol,Easton,51.4558973,-2.5589762,"Entire home/apt",1
1533,2147483647,3309480,1.46E+18,Bristol,Easton,51.4709900,-2.5628800,"Entire home/apt",1
1534,2147483647,164934575,1.47E+18,Bristol,Central,51.4544300,-2.5959900,"Entire home/apt",17
1535,2147483647,470579908,1.47E+18,Bristol,"Avonmouth & Lawrence Weston",51.4830700,-2.6721600,"Entire home/apt",1
1536,2147483647,30114513,1.47E+18,Bristol,"Lawrence Hill",51.4566200,-2.5823600,"Entire home/apt",1
1537,2147483647,33587095,1.47E+18,Bristol,Southmead,51.5029400,-2.6075000,"Private room",1
1538,2147483647,506217823,1.46E+18,Bristol,"St George West",51.4576558,-2.5445227,"Private room",1
1539,2147483647,756860296,1.66E+18,Bristol,Stockwood,51.4217341,-2.5520362,"Entire home/apt",1
1540,2147483647,684773744,1.47E+18,Bristol,"Brislington East",51.4453083,-2.5414282,"Entire home/apt",1
1541,2147483647,62911460,1.46E+18,Bristol,"Stoke Bishop",51.4863900,-2.6463000,"Private room",3
1542,2147483647,26661261,1.46E+18,Bristol,Ashley,51.4670500,-2.5769200,"Entire home/apt",1
1543,2147483647,154152507,1.47E+18,Bristol,Cotham,51.4646900,-2.5973000,"Entire home/apt",29
1544,2147483647,328154424,1.47E+18,Bristol,Cotham,51.4634640,-2.5967928,"Entire home/apt",1
1545,2147483647,271371352,1.68E+18,Bristol,Bishopsworth,51.4285600,-2.6160800,"Private room",1
1546,2147483647,19621534,1.46E+18,Bristol,"Frome Vale",51.4865433,-2.5450770,"Entire home/apt",1
1547,2147483647,9807125,1.70E+18,Bristol,Easton,51.4570891,-2.5553579,"Private room",1
1548,2147483647,193594882,1.47E+18,Bristol,"Brislington West",51.4286459,-2.5485875,"Private room",1
1549,2147483647,55430089,1.47E+18,Bristol,"St George West",51.4600200,-2.5535400,"Entire home/apt",1
1550,2147483647,58316050,1.53E+18,Bristol,"Clifton Down",51.4642200,-2.6090900,"Private room",1
1551,2147483647,16965283,1.46E+18,Bristol,Horfield,51.4976543,-2.5778009,"Private room",1
1552,2147483647,62311301,1.47E+18,Bristol,"St George Central",51.4665560,-2.5250855,"Private room",1
1553,2147483647,132733438,1.47E+18,Bristol,Southmead,51.5048600,-2.5933800,"Private room",2
1554,2147483647,23213540,1.46E+18,Bristol,"Westbury-on-Trym & Henleaze",51.4942300,-2.6345100,"Private room",3
1555,2147483647,82810207,1.56E+18,Bristol,Eastville,51.4715560,-2.5479311,"Entire home/apt",2
1556,2147483647,519751936,1.47E+18,Bristol,"Frome Vale",51.4808800,-2.5252700,"Entire home/apt",8
1557,2147483647,26450656,1.47E+18,Bristol,"Westbury-on-Trym & Henleaze",51.4932100,-2.6368100,"Entire home/apt",1
1558,2147483647,32270207,1.47E+18,Bristol,Horfield,51.4931581,-2.5922092,"Entire home/apt",1
1559,2147483647,86094457,1.49E+18,Bristol,Lockleaze,51.4851300,-2.5782200,"Entire home/apt",1
1560,2147483647,162830866,1.47E+18,Bristol,"Stoke Bishop",51.4880600,-2.6447000,"Entire home/apt",1
1561,2147483647,420180342,1.47E+18,Bristol,Redland,51.4740143,-2.6110956,"Entire home/apt",1
1562,2147483647,360171447,1.47E+18,Bristol,Eastville,51.4727192,-2.5519365,"Entire home/apt",1
1563,2147483647,45795110,1.47E+18,Bristol,Bishopsworth,51.4316900,-2.6079300,"Entire home/apt",1
1564,2147483647,457717158,1.47E+18,Bristol,Ashley,51.4694900,-2.5856400,"Entire home/apt",1
1565,2147483647,397411573,1.47E+18,Bristol,Bedminster,51.4339295,-2.6253897,"Entire home/apt",1
1566,2147483647,3711599,1.46E+18,Bristol,Knowle,51.4336800,-2.5783300,"Entire home/apt",1
1567,2147483647,54297701,1.69E+18,Bristol,"Clifton Down",51.4628542,-2.6101548,"Private room",1
1568,2147483647,335397817,1.57E+18,Bristol,"Hengrove & Whitchurch Park",51.4066194,-2.5660794,"Entire home/apt",1
1569,2147483647,25840940,1.47E+18,Bristol,Easton,51.4672563,-2.5618283,"Entire home/apt",1
1570,2147483647,555160364,1.47E+18,Bristol,Filwood,51.4218872,-2.5829931,"Private room",1
1571,2147483647,149458971,1.47E+18,Bristol,"Hartcliffe & Withywood",51.4091000,-2.6080500,"Private room",1
1572,2147483647,582492514,1.47E+18,Bristol,Filwood,51.4232300,-2.5779900,"Private room",1
1573,2147483647,2769957,1.46E+18,Bristol,Easton,51.4647900,-2.5611200,"Entire home/apt",1
1574,2147483647,3974187,1.46E+18,Bristol,Easton,51.4669300,-2.5537100,"Entire home/apt",1
1575,2147483647,9561458,1.46E+18,Bristol,Ashley,51.4670249,-2.5753886,"Entire home/apt",1
1576,2147483647,63041600,1.47E+18,Bristol,Lockleaze,51.4784248,-2.5647331,"Entire home/apt",1
1577,2147483647,35116208,1.46E+18,Bristol,Ashley,51.4739568,-2.5769521,"Entire home/apt",4
1578,2147483647,223364208,1.47E+18,Bristol,Clifton,51.4517100,-2.6156200,"Entire home/apt",1
1579,2147483647,489685404,1.47E+18,Bristol,Central,51.4603994,-2.5941879,"Private room",20
1580,2147483647,154152507,1.47E+18,Bristol,Ashley,51.4621000,-2.5865600,"Entire home/apt",29
1581,2147483647,478683167,1.47E+18,Bristol,Clifton,51.4562000,-2.6205600,"Entire home/apt",1
1582,2147483647,47830738,1.47E+18,Bristol,"St George West",51.4603700,-2.5477800,"Entire home/apt",1
1583,2147483647,131012664,1.47E+18,Bristol,Redland,51.4728844,-2.5956112,"Entire home/apt",2
1584,2147483647,35303939,1.47E+18,Bristol,"Clifton Down",51.4629073,-2.6065714,"Entire home/apt",2
1585,2147483647,302927678,1.47E+18,Bristol,Clifton,51.4573608,-2.6132431,"Entire home/apt",3
1586,2147483647,30513052,1.47E+18,Bristol,"Hengrove & Whitchurch Park",51.4121000,-2.5857100,"Private room",1
1587,2147483647,736962513,1.59E+18,Bristol,Bedminster,51.4364036,-2.6035052,"Private room",1
1588,2147483647,82796431,1.67E+18,Bristol,"Frome Vale",51.4872432,-2.5502696,"Private room",1
1589,2147483647,25923684,1.47E+18,Bristol,"Avonmouth & Lawrence Weston",51.4901800,-2.6779400,"Private room",1
1590,2147483647,24726250,1.47E+18,Bristol,Southville,51.4419300,-2.5999300,"Private room",3
1591,2147483647,416505753,1.47E+18,Bristol,Southville,51.4398016,-2.6133436,"Private room",2
1592,2147483647,24726250,1.47E+18,Bristol,Southville,51.4422800,-2.5977300,"Private room",3
1593,2147483647,2061630,1.46E+18,Bristol,"Brislington East",51.4337476,-2.5442336,"Private room",1
1594,2147483647,53599490,1.47E+18,Bristol,"Brislington West",51.4433700,-2.5694800,"Private room",3
1595,2147483647,12826643,1.46E+18,Bristol,Cotham,51.4651200,-2.6007400,"Private room",1
1596,2147483647,9675210,1.46E+18,Bristol,"St George Central",51.4613780,-2.5333073,"Private room",1
1597,2147483647,53469365,1.47E+18,Bristol,"Frome Vale",51.4904130,-2.5198610,"Private room",2
1598,2147483647,574826276,1.47E+18,Bristol,Knowle,51.4350267,-2.5674403,"Private room",1
1599,2147483647,469428066,1.47E+18,Bristol,Southville,51.4440300,-2.6174600,"Private room",2
1600,2147483647,64796778,1.47E+18,Bristol,"Henbury & Brentry",51.5080000,-2.6191600,"Private room",2
1601,2147483647,481511871,1.47E+18,Bristol,Filwood,51.4205269,-2.5920530,"Private room",3
1602,2147483647,484287877,1.47E+18,Bristol,Bedminster,51.4409706,-2.6018563,"Private room",1
1603,2147483647,78611354,1.47E+18,Bristol,"Hengrove & Whitchurch Park",51.4071723,-2.5927645,"Private room",1
1604,2147483647,539272587,1.47E+18,Bristol,"St George Central",51.4591558,-2.5214615,"Entire home/apt",1
1605,2147483647,91115129,1.47E+18,Bristol,"Avonmouth & Lawrence Weston",51.4865700,-2.6785600,"Private room",1
1606,2147483647,154152507,1.47E+18,Bristol,"Clifton Down",51.4662100,-2.6111100,"Entire home/apt",29
1607,2147483647,8918451,1.46E+18,Bristol,"Lawrence Hill",51.4640900,-2.5657100,"Private room",2
1608,2147483647,568080848,1.47E+18,Bristol,"Windmill Hill",51.4378800,-2.5849400,"Entire home/apt",1
1609,2147483647,150224342,1.47E+18,Bristol,"Brislington East",51.4370010,-2.5506943,"Entire home/apt",1
1610,2147483647,48874688,1.47E+18,Bristol,Central,51.4536027,-2.5963383,"Entire home/apt",1
1611,2147483647,497867700,1.47E+18,Bristol,"Frome Vale",51.4833563,-2.5383998,"Private room",2
1612,2147483647,217874521,1.46E+18,Bristol,"Frome Vale",51.4830500,-2.5161100,"Private room",1
1613,2147483647,481511871,1.47E+18,Bristol,Filwood,51.4197100,-2.5910400,"Private room",3
1614,2147483647,42933277,1.71E+18,Bristol,Bedminster,51.4395079,-2.6108828,"Entire home/apt",1
1615,2147483647,352277397,1.47E+18,Bristol,Southville,51.4410324,-2.6048337,"Entire home/apt",1
1616,2147483647,46940863,1.47E+18,Bristol,Ashley,51.4665800,-2.5879700,"Private room",1
1617,2147483647,35116208,1.46E+18,Bristol,Easton,51.4614400,-2.5593600,"Entire home/apt",4
1618,2147483647,469428066,1.47E+18,Bristol,Southville,51.4442600,-2.6163600,"Entire home/apt",2
1619,2147483647,422275078,1.65E+18,Bristol,"Frome Vale",51.4869222,-2.5249267,"Entire home/apt",1
1620,2147483647,42354572,1.68E+18,Bristol,Knowle,51.4347879,-2.5648543,"Entire home/apt",1
1621,2147483647,65681357,1.47E+18,Bristol,Lockleaze,51.4949828,-2.5665536,"Private room",5
1622,2147483647,236481623,1.47E+18,Bristol,Cotham,51.4675500,-2.5963400,"Entire home/apt",48
1623,2147483647,122166170,1.47E+18,Bristol,"Clifton Down",51.4703300,-2.6143400,"Entire home/apt",4
1624,2147483647,95855026,1.47E+18,Bristol,"Stoke Bishop",51.4839800,-2.6439500,"Private room",2
1625,2147483647,299757420,1.47E+18,Bristol,"St George Central",51.4640600,-2.5341600,"Entire home/apt",1
1626,2147483647,41059362,1.47E+18,Bristol,"St George Troopers Hill",51.4536200,-2.5330900,"Private room",3
1627,2147483647,41059362,1.47E+18,Bristol,"St George Troopers Hill",51.4525600,-2.5319100,"Private room",3
1628,2147483647,41059362,1.47E+18,Bristol,"St George Troopers Hill",51.4523800,-2.5326600,"Private room",3
1629,2147483647,516177673,1.47E+18,Bristol,"Hartcliffe & Withywood",51.4021077,-2.5996147,"Private room",1
1630,2147483647,104116393,1.50E+18,Bristol,Ashley,51.4619122,-2.5882046,"Entire home/apt",1
1631,2147483647,111754032,1.46E+18,Bristol,Ashley,51.4656012,-2.5886375,"Private room",3
1632,2147483647,65192629,1.46E+18,Bristol,"Hotwells & Harbourside",51.4557399,-2.6049046,"Entire home/apt",141
1633,2147483647,48279342,1.47E+18,Bristol,"Stoke Bishop",51.4852000,-2.6507849,"Private room",1
1634,2147483647,211573889,1.57E+18,Bristol,Horfield,51.4971700,-2.5956000,"Private room",2
1635,2147483647,26071785,1.46E+18,Bristol,Eastville,51.4784820,-2.5403178,"Entire home/apt",1
1643,2147483647,96932427,1.47E+18,Bristol,Eastville,51.4712895,-2.5474184,"Private room",1
1644,2147483647,41377149,1.47E+18,Bristol,"St George Central",51.4601600,-2.5391100,"Entire home/apt",1
1645,2147483647,538425992,1.57E+18,Bristol,"Hengrove & Whitchurch Park",51.4261298,-2.5658832,"Private room",1
1646,2147483647,42324066,1.47E+18,Bristol,Bedminster,51.4357200,-2.6042700,"Private room",1
1647,2147483647,157027379,1.47E+18,Bristol,"St George Troopers Hill",51.4537400,-2.5248400,"Private room",1
1648,2147483647,673572616,1.47E+18,Bristol,"Frome Vale",51.4947700,-2.5304300,"Entire home/apt",1
1649,2147483647,14443761,1.46E+18,Bristol,"Lawrence Hill",51.4527900,-2.5826600,"Entire home/apt",1
1650,2147483647,38936239,1.62E+18,Bristol,Hillfields,51.4785000,-2.5156600,"Entire home/apt",1
1651,2147483647,101456610,1.47E+18,Bristol,Hillfields,51.4706393,-2.5263130,"Entire home/apt",1
1652,2147483647,158391610,1.47E+18,Bristol,Central,51.4473000,-2.5975700,"Entire home/apt",1
1653,2147483647,486078630,1.47E+18,Bristol,"Bishopston & Ashley Down",51.4778709,-2.5836091,"Entire home/apt",1
1654,2147483647,30030062,1.47E+18,Bristol,"Windmill Hill",51.4367300,-2.5983900,"Entire home/apt",2
1655,2147483647,30030062,1.47E+18,Bristol,"Windmill Hill",51.4382055,-2.5983226,"Private room",2
1656,2147483647,173776959,1.47E+18,Bristol,"Clifton Down",51.4686725,-2.6168830,"Entire home/apt",2
1657,2147483647,525299622,1.47E+18,Bristol,Southville,51.4416181,-2.6185726,"Entire home/apt",1
1658,2147483647,298837892,1.47E+18,Bristol,"St George Central",51.4628600,-2.5216300,"Entire home/apt",1
1659,2147483647,434218847,1.47E+18,Bristol,Clifton,51.4534730,-2.6171393,"Entire home/apt",33
1660,2147483647,2147483647,1.70E+18,Bristol,"Clifton Down",51.4592056,-2.6108821,"Entire home/apt",8
1661,2147483647,2147483647,1.70E+18,Bristol,Easton,51.4618418,-2.5565434,"Entire home/apt",8
1662,2147483647,250515928,1.65E+18,Bristol,Southville,51.4425944,-2.6013630,"Private room",2
1663,2147483647,65192629,1.46E+18,Bristol,Redland,51.4726124,-2.6134006,"Entire home/apt",141
1664,2147483647,125651447,1.47E+18,Bristol,Southville,51.4455573,-2.6008381,"Entire home/apt",67
1665,2147483647,152788806,1.46E+18,Bristol,"Hartcliffe & Withywood",51.4103500,-2.6207600,"Entire home/apt",20
1666,2147483647,63494886,1.47E+18,Bristol,"Westbury-on-Trym & Henleaze",51.4948819,-2.6174715,"Private room",1
1667,2147483647,83345915,1.47E+18,Bristol,Horfield,51.4885400,-2.5875800,"Entire home/apt",2
1668,2147483647,55798143,1.47E+18,Bristol,Lockleaze,51.4955187,-2.5651651,"Entire home/apt",1
1669,2147483647,20522861,1.46E+18,Bristol,"Avonmouth & Lawrence Weston",51.4967417,-2.6472776,"Entire home/apt",2
1670,2147483647,133121412,1.47E+18,Bristol,"Lawrence Hill",51.4529700,-2.5764800,"Entire home/apt",6
1671,2147483647,35944491,1.47E+18,Bristol,Eastville,51.4765300,-2.5451200,"Private room",1
1672,2147483647,20509386,1.46E+18,Bristol,Cotham,51.4673700,-2.6044600,"Entire home/apt",1
1673,2147483647,65192629,1.46E+18,Bristol,Ashley,51.4616276,-2.5890323,"Entire home/apt",141
1674,2147483647,16630323,1.46E+18,Bristol,Horfield,51.4960801,-2.5892734,"Entire home/apt",22
1675,2147483647,214632816,1.57E+18,Bristol,"Hengrove & Whitchurch Park",51.4106224,-2.5894449,"Private room",1
1676,2147483647,427902415,1.47E+18,Bristol,"Hotwells & Harbourside",51.4498500,-2.6100700,"Private room",1
1677,2147483647,13704406,1.46E+18,Bristol,Ashley,51.4668200,-2.5896400,"Private room",1
1678,2147483647,128622358,1.47E+18,Bristol,"Hartcliffe & Withywood",51.4094964,-2.6000203,"Private room",1
1679,2147483647,403197614,1.47E+18,Bristol,"St George Central",51.4601857,-2.5324415,"Private room",1
1680,2147483647,478815821,1.47E+18,Bristol,Bedminster,51.4364865,-2.6019960,"Private room",1
1681,2147483647,23537006,1.47E+18,Bristol,"Brislington East",51.4368300,-2.5479600,"Private room",3
1682,2147483647,312610280,1.47E+18,Bristol,Central,51.4574800,-2.5924100,"Private room",1
1683,2147483647,27314842,1.47E+18,Bristol,Bedminster,51.4373908,-2.6055287,"Entire home/apt",1
1684,2147483647,251554823,1.47E+18,Bristol,Eastville,51.4745898,-2.5428277,"Private room",1
1685,2147483647,7608601,1.46E+18,Bristol,"Brislington East",51.4512700,-2.5369700,"Entire home/apt",1
1686,2147483647,65489853,1.47E+18,Bristol,Horfield,51.4937886,-2.5941223,"Private room",5
1687,2147483647,4622358,1.46E+18,Bristol,Eastville,51.4714000,-2.5503600,"Entire home/apt",1
1688,2147483647,50267636,1.47E+18,Bristol,"Hotwells & Harbourside",51.4500584,-2.6111685,"Private room",1
1689,2147483647,419637029,1.47E+18,Bristol,"Westbury-on-Trym & Henleaze",51.4919390,-2.5985940,"Private room",1
1690,2147483647,221587726,1.47E+18,Bristol,"Hengrove & Whitchurch Park",51.4076457,-2.5923292,"Private room",1
1691,2147483647,47497954,1.47E+18,Bristol,Southville,51.4453382,-2.5976390,"Private room",1
1692,2147483647,314174485,1.47E+18,Bristol,Central,51.4507400,-2.5891500,"Private room",3
1693,2147483647,8560772,1.46E+18,Bristol,Southville,51.4436359,-2.6179808,"Private room",7
1694,2147483647,165979824,1.47E+18,Bristol,"Lawrence Hill",51.4630300,-2.5741000,"Private room",1
1695,2147483647,82065496,1.47E+18,Bristol,"Stoke Bishop",51.4867746,-2.6511899,"Private room",2
1696,2147483647,26058469,1.47E+18,Bristol,Ashley,51.4670700,-2.5826100,"Private room",2
1697,2147483647,144794224,1.47E+18,Bristol,Ashley,51.4616471,-2.5863036,"Private room",1
1698,2147483647,56465890,1.47E+18,Bristol,Easton,51.4612392,-2.5581103,"Private room",3
1699,2147483647,36685956,1.47E+18,Bristol,Clifton,51.4587307,-2.6149436,"Private room",1
1700,2147483647,14649130,1.46E+18,Bristol,Cotham,51.4645000,-2.5971000,"Private room",2
1701,2147483647,203715360,1.47E+18,Bristol,"Lawrence Hill",51.4624462,-2.5689627,"Private room",1
1702,2147483647,472507104,1.47E+18,Bristol,Bishopsworth,51.4279596,-2.6128198,"Private room",2
1703,2147483647,4182262,1.48E+18,Bristol,"Brislington West",51.4421663,-2.5517358,"Private room",1
1704,2147483647,6821901,1.46E+18,Bristol,"Lawrence Hill",51.4568200,-2.5782800,"Private room",1
1705,2147483647,86384052,1.47E+18,Bristol,"St George Central",51.4632100,-2.5275100,"Private room",2
1706,2147483647,128834986,1.47E+18,Bristol,Easton,51.4673500,-2.5598500,"Private room",2
1707,2147483647,110913076,1.47E+18,Bristol,Southville,51.4458022,-2.6054332,"Private room",1
1708,2147483647,70448692,1.47E+18,Bristol,Redland,51.4777714,-2.5965486,"Private room",1
1709,2147483647,60525103,1.47E+18,Bristol,"Lawrence Hill",51.4514400,-2.5644300,"Private room",2
1710,2147483647,593359528,1.47E+18,Bristol,Horfield,51.4956016,-2.5753515,"Private room",8
1711,2147483647,23213540,1.46E+18,Bristol,"Westbury-on-Trym & Henleaze",51.4941200,-2.6336300,"Private room",3
1712,2147483647,13843491,1.46E+18,Bristol,Easton,51.4672978,-2.5599107,"Private room",1
1713,2147483647,8560772,1.46E+18,Bristol,Southville,51.4438805,-2.6177938,"Shared room",7
1714,2147483647,575947029,1.47E+18,Bristol,Easton,51.4691200,-2.5501300,"Private room",1
1715,2147483647,9804257,1.46E+18,Bristol,Eastville,51.4801300,-2.5498300,"Private room",1
1716,2147483647,64796778,1.47E+18,Bristol,"Henbury & Brentry",51.5089400,-2.6192100,"Private room",2
1717,2147483647,53469365,1.47E+18,Bristol,"Frome Vale",51.4904130,-2.5198610,"Private room",2
1718,2147483647,211860685,1.47E+18,Bristol,"Brislington West",51.4310981,-2.5488957,"Private room",2
1719,2147483647,16630323,1.46E+18,Bristol,Horfield,51.4943700,-2.5799500,"Entire home/apt",22
1720,2147483647,82564983,1.47E+18,Bristol,Redland,51.4730535,-2.6155757,"Private room",2
1721,2147483647,82564983,1.47E+18,Bristol,"Stoke Bishop",51.4726700,-2.6160400,"Entire home/apt",2
1722,2147483647,589584592,1.47E+18,Bristol,"Windmill Hill",51.4329727,-2.5997893,"Entire home/apt",1
1723,2147483647,511502383,1.47E+18,Bristol,"Hotwells & Harbourside",51.4495765,-2.6123399,"Entire home/apt",1
1724,2147483647,214575785,1.46E+18,Bristol,"Frome Vale",51.4800881,-2.5298689,"Entire home/apt",3
1725,2147483647,214575785,1.46E+18,Bristol,"Frome Vale",51.4800754,-2.5299521,"Entire home/apt",3
1726,2147483647,214575785,1.46E+18,Bristol,"Frome Vale",51.4800831,-2.5298981,"Entire home/apt",3
1727,2147483647,39003262,1.47E+18,Bristol,"Brislington East",51.4485353,-2.5437524,"Private room",1
1728,2147483647,563390510,1.47E+18,Bristol,Lockleaze,51.4903200,-2.5776200,"Entire home/apt",2
1729,2147483647,6401459,1.46E+18,Bristol,Bishopsworth,51.4234466,-2.6057892,"Entire home/apt",1
1730,2147483647,81589337,1.47E+18,Bristol,"Clifton Down",51.4667448,-2.6128059,"Entire home/apt",4
1731,2147483647,756168836,1.66E+18,Bristol,"Westbury-on-Trym & Henleaze",51.4771099,-2.6151389,"Entire home/apt",1
1732,2147483647,27831218,1.47E+18,Bristol,Eastville,51.4772200,-2.5457000,"Entire home/apt",1
1733,2147483647,11969413,1.46E+18,Bristol,Cotham,51.4700660,-2.6084396,"Entire home/apt",1
1734,2147483647,519751936,1.47E+18,Bristol,Ashley,51.4690800,-2.5865200,"Entire home/apt",8
1735,2147483647,124659955,1.47E+18,Bristol,Clifton,51.4574300,-2.6171300,"Entire home/apt",3
1736,2147483647,152788806,1.46E+18,Bristol,Eastville,51.4757100,-2.5449400,"Entire home/apt",20
1737,2147483647,657339570,1.47E+18,Bristol,Clifton,51.4509529,-2.6097821,"Entire home/apt",1
1738,2147483647,445795769,1.47E+18,Bristol,Clifton,51.4606800,-2.6235200,"Entire home/apt",1
1739,2147483647,48160052,1.47E+18,Bristol,Ashley,51.4721123,-2.5858603,"Entire home/apt",3
1740,2147483647,146030180,1.71E+18,Bristol,"Windmill Hill",51.4426920,-2.5683989,"Entire home/apt",1
1741,2147483647,125651447,1.47E+18,Bristol,"Hotwells & Harbourside",51.4470722,-2.6008203,"Entire home/apt",67
1742,2147483647,5792970,1.46E+18,Bristol,"Hotwells & Harbourside",51.4536565,-2.6066308,"Private room",1
1743,2147483647,65681357,1.47E+18,Bristol,Lockleaze,51.4957900,-2.5678000,"Private room",5
1744,2147483647,320153813,1.47E+18,Bristol,"Windmill Hill",51.4407900,-2.5731600,"Entire home/apt",3
1745,2147483647,76074723,1.47E+18,Bristol,Ashley,51.4690000,-2.5735800,"Private room",13
1746,2147483647,333263200,1.47E+18,Bristol,"Hotwells & Harbourside",51.4469500,-2.6009700,"Private room",1
1747,2147483647,744297959,1.61E+18,Bristol,Clifton,51.4568798,-2.6213228,"Entire home/apt",1
1748,2147483647,466535712,1.47E+18,Bristol,Bishopsworth,51.4273000,-2.6147500,"Entire home/apt",1
1749,2147483647,19404394,1.46E+18,Bristol,"Windmill Hill",51.4357733,-2.5970576,"Entire home/apt",6
1750,2147483647,696536129,1.70E+18,Bristol,"Brislington West",51.4340317,-2.5498659,"Entire home/apt",1
1751,2147483647,519945528,1.47E+18,Bristol,Southville,51.4419600,-2.5925400,"Private room",14
1752,2147483647,114641882,1.47E+18,Bristol,Stockwood,51.4145903,-2.5347968,"Private room",1
1753,2147483647,103596347,1.47E+18,Bristol,"Windmill Hill",51.4374100,-2.5968500,"Private room",2
1754,2147483647,593359528,1.47E+18,Bristol,Horfield,51.4931700,-2.5769800,"Private room",8
1755,2147483647,519945528,1.47E+18,Bristol,Ashley,51.4610200,-2.5885900,"Private room",14
1756,2147483647,461448872,1.46E+18,Bristol,"Avonmouth & Lawrence Weston",51.5018968,-2.6553440,"Private room",2
1757,2147483647,68053221,1.47E+18,Bristol,Clifton,51.4515900,-2.6181300,"Private room",3
1758,2147483647,50900020,1.47E+18,Bristol,Cotham,51.4632106,-2.5939644,"Entire home/apt",1
1759,2147483647,558895599,1.47E+18,Bristol,Clifton,51.4546300,-2.6200300,"Entire home/apt",1
1760,2147483647,557226624,1.47E+18,Bristol,Horfield,51.4980782,-2.5768408,"Entire home/apt",2
1761,2147483647,478931532,1.47E+18,Bristol,Ashley,51.4668973,-2.5825894,"Entire home/apt",1
1762,2147483647,4053495,1.46E+18,Bristol,Eastville,51.4736700,-2.5561300,"Entire home/apt",3
1763,2147483647,27989044,1.47E+18,Bristol,"Lawrence Hill",51.4635300,-2.5700400,"Entire home/apt",1
1764,2147483647,183480046,1.47E+18,Bristol,Southville,51.4442499,-2.6000238,"Entire home/apt",1
1765,2147483647,616784,1.46E+18,Bristol,"Henbury & Brentry",51.5026000,-2.6249800,"Entire home/apt",1
1766,2147483647,12956405,1.46E+18,Bristol,Easton,51.4631432,-2.5594239,"Entire home/apt",1
1767,2147483647,464584238,1.57E+18,Bristol,Southmead,51.4997988,-2.6082044,"Entire home/apt",2
1768,2147483647,526045627,1.47E+18,Bristol,"Brislington East",51.4390800,-2.5304600,"Entire home/apt",1
1769,2147483647,424315959,1.47E+18,Bristol,"Brislington East",51.4306300,-2.5337700,"Entire home/apt",1
1770,2147483647,33104287,1.47E+18,Bristol,"St George West",51.4588200,-2.5466200,"Entire home/apt",1
1771,2147483647,194773045,1.47E+18,Bristol,Clifton,51.4538642,-2.6211328,"Entire home/apt",1
1772,2147483647,656598018,1.46E+18,Bristol,Lockleaze,51.4907068,-2.5641905,"Entire home/apt",1
1773,2147483647,210755924,1.47E+18,Bristol,"Henbury & Brentry",51.5119911,-2.5930562,"Private room",1
1774,2147483647,460490519,1.47E+18,Bristol,"Brislington West",51.4458800,-2.5538700,"Entire home/apt",1
1775,2147483647,439525488,1.47E+18,Bristol,"Westbury-on-Trym & Henleaze",51.4846420,-2.5971013,"Entire home/apt",31
1776,2147483647,173679643,1.47E+18,Bristol,"Brislington West",51.4430200,-2.5549200,"Entire home/apt",1
1777,2147483647,444501445,1.47E+18,Bristol,Clifton,51.4512467,-2.6227797,"Entire home/apt",1
1778,2147483647,578062404,1.47E+18,Bristol,"Hotwells & Harbourside",51.4500500,-2.6163400,"Entire home/apt",1
1779,2147483647,11110308,1.46E+18,Bristol,"Westbury-on-Trym & Henleaze",51.4865000,-2.6306700,"Entire home/apt",1
1780,2147483647,415082820,1.47E+18,Bristol,"Westbury-on-Trym & Henleaze",51.4915985,-2.6220065,"Entire home/apt",1
1781,2147483647,2338630,1.46E+18,Bristol,Redland,51.4758400,-2.6079800,"Entire home/apt",1
1782,2147483647,4522146,1.46E+18,Bristol,"Windmill Hill",51.4385400,-2.5896500,"Entire home/apt",1
1783,2147483647,371538407,1.47E+18,Bristol,Eastville,51.4763549,-2.5447576,"Entire home/apt",1
1784,2147483647,225439413,1.47E+18,Bristol,"Avonmouth & Lawrence Weston",51.5045500,-2.6472800,"Private room",2
1785,2147483647,33478736,1.66E+18,Bristol,"Westbury-on-Trym & Henleaze",51.4822600,-2.6116600,"Entire home/apt",1
1786,2147483647,42403864,1.47E+18,Bristol,Clifton,51.4535618,-2.6204111,"Entire home/apt",1
1787,2147483647,257940768,1.47E+18,Bristol,Eastville,51.4817816,-2.5390112,"Entire home/apt",1
1788,2147483647,28520687,1.47E+18,Bristol,Lockleaze,51.4824400,-2.5789700,"Entire home/apt",2
1789,2147483647,23578597,1.47E+18,Bristol,"St George West",51.4576540,-2.5463255,"Entire home/apt",1
1790,2147483647,12964149,1.46E+18,Bristol,Ashley,51.4743356,-2.5872883,"Entire home/apt",1
1791,2147483647,6333780,1.46E+18,Bristol,Knowle,51.4327000,-2.5735100,"Entire home/apt",1
1792,2147483647,86214144,1.47E+18,Bristol,Cotham,51.4656736,-2.5936931,"Entire home/apt",1
1793,2147483647,71910663,1.47E+18,Bristol,Ashley,51.4694694,-2.5790872,"Entire home/apt",1
1794,2147483647,98774030,1.47E+18,Bristol,"Westbury-on-Trym & Henleaze",51.4849400,-2.5980900,"Entire home/apt",1
1795,2147483647,46399716,1.46E+18,Bristol,Redland,51.4757220,-2.6032865,"Entire home/apt",14
1796,2147483647,730009776,1.56E+18,Bristol,Clifton,51.4554600,-2.6148700,"Entire home/apt",1
1797,2147483647,482022953,1.47E+18,Bristol,"Clifton Down",51.4685150,-2.6138810,"Entire home/apt",1
1798,2147483647,25458393,1.46E+18,Bristol,Southville,51.4450000,-2.6085900,"Entire home/apt",1
1799,2147483647,412764331,1.47E+18,Bristol,"St George West",51.4590785,-2.5532098,"Private room",1
1800,2147483647,740781171,1.60E+18,Bristol,Central,51.4541500,-2.5962400,"Private room",1
1801,2147483647,712355704,1.48E+18,Bristol,"Lawrence Hill",51.4652900,-2.5670500,"Private room",2
1802,2147483647,712355704,1.48E+18,Bristol,"Lawrence Hill",51.4661354,-2.5672268,"Private room",2
1803,2147483647,184395893,1.54E+18,Bristol,"Westbury-on-Trym & Henleaze",51.4905147,-2.6082585,"Entire home/apt",1
1804,2147483647,65192629,1.46E+18,Bristol,Central,51.4549977,-2.5945287,"Entire home/apt",141
1805,2147483647,65192629,1.46E+18,Bristol,Horfield,51.4941020,-2.5809766,"Entire home/apt",141
1806,2147483647,599758346,1.47E+18,Bristol,Easton,51.4667200,-2.5618900,"Entire home/apt",5
1807,2147483647,326237840,1.47E+18,Bristol,"St George West",51.4611163,-2.5401968,"Entire home/apt",1
1808,2147483647,710224044,1.48E+18,Bristol,Ashley,51.4603564,-2.5848545,"Entire home/apt",1
1809,2147483647,301193276,1.47E+18,Bristol,"Windmill Hill",51.4418300,-2.5769700,"Entire home/apt",1
1810,2147483647,385546407,1.46E+18,Bristol,"Hotwells & Harbourside",51.4469478,-2.6034211,"Entire home/apt",2
1811,2147483647,3433212,1.46E+18,Bristol,Southville,51.4406800,-2.6123100,"Entire home/apt",1
1812,2147483647,471084744,1.47E+18,Bristol,Central,51.4543937,-2.5940355,"Entire home/apt",1
1813,2147483647,513263225,1.47E+18,Bristol,Southville,51.4433238,-2.6027208,"Entire home/apt",2
1814,2147483647,519945528,1.47E+18,Bristol,Central,51.4524001,-2.5867401,"Private room",14
1815,2147483647,491654507,1.47E+18,Bristol,Eastville,51.4700821,-2.5345749,"Entire home/apt",5
1816,2147483647,491654507,1.47E+18,Bristol,"Hartcliffe & Withywood",51.4088400,-2.5950500,"Entire home/apt",5
1817,2147483647,491654507,1.47E+18,Bristol,"Hartcliffe & Withywood",51.4096100,-2.5953100,"Entire home/apt",5
1818,2147483647,491654507,1.47E+18,Bristol,"Avonmouth & Lawrence Weston",51.5119600,-2.6663900,"Entire home/apt",5
1819,2147483647,491654507,1.47E+18,Bristol,"Hartcliffe & Withywood",51.4102600,-2.5953900,"Entire home/apt",5
1820,2147483647,154909168,1.46E+18,Bristol,"Hartcliffe & Withywood",51.4060800,-2.5930500,"Entire home/apt",1
1821,2147483647,65192629,1.46E+18,Bristol,Central,51.4548615,-2.5931671,"Entire home/apt",141
1822,2147483647,65192629,1.46E+18,Bristol,"Henbury & Brentry",51.5116456,-2.5988954,"Entire home/apt",141
1823,2147483647,570161107,1.47E+18,Bristol,Hillfields,51.4748574,-2.5284217,"Entire home/apt",3
1824,2147483647,722858248,1.53E+18,Bristol,Ashley,51.4601200,-2.5886600,"Entire home/apt",6
1825,2147483647,515356767,1.47E+18,Bristol,Central,51.4586375,-2.6066422,"Entire home/apt",1
1826,2147483647,58054526,1.47E+18,Bristol,Bishopsworth,51.4202753,-2.6313574,"Entire home/apt",2
1827,2147483647,494184661,1.47E+18,Bristol,Filwood,51.4275600,-2.5904600,"Private room",1
1828,2147483647,36689109,1.47E+18,Bristol,Redland,51.4797100,-2.5894900,"Private room",2
1829,2147483647,51686051,1.47E+18,Bristol,Easton,51.4688654,-2.5586425,"Entire home/apt",27
1830,2147483647,663644927,1.47E+18,Bristol,Ashley,51.4631809,-2.5852900,"Entire home/apt",1
1831,2147483647,667106503,1.47E+18,Bristol,Lockleaze,51.4818326,-2.5713042,"Entire home/apt",1
1832,2147483647,32604425,1.61E+18,Bristol,Lockleaze,51.4884200,-2.5654400,"Entire home/apt",1
1833,2147483647,199881890,1.47E+18,Bristol,"St George Central",51.4631700,-2.5344300,"Entire home/apt",1
1834,2147483647,97827387,1.47E+18,Bristol,Cotham,51.4683200,-2.5942000,"Entire home/apt",1
1835,2147483647,451302226,1.47E+18,Bristol,"Clifton Down",51.4654573,-2.6075632,"Entire home/apt",1
1836,2147483647,27684918,1.47E+18,Bristol,"Lawrence Hill",51.4604200,-2.5755400,"Entire home/apt",1
1837,2147483647,173776959,1.47E+18,Bristol,Clifton,51.4573200,-2.6092900,"Entire home/apt",2
1838,2147483647,154152507,1.47E+18,Bristol,"Clifton Down",51.4648900,-2.6111700,"Entire home/apt",29
1839,2147483647,370595173,1.49E+18,Bristol,Cotham,51.4632100,-2.5923600,"Entire home/apt",1
1840,2147483647,154152507,1.47E+18,Bristol,"Clifton Down",51.4661700,-2.6091400,"Entire home/apt",29
1841,2147483647,4895617,1.46E+18,Bristol,"Brislington West",51.4425300,-2.5562800,"Entire home/apt",1
1842,2147483647,2147483647,1.67E+18,Bristol,Ashley,51.4684300,-2.5893600,"Entire home/apt",1
1843,2147483647,51686051,1.47E+18,Bristol,Redland,51.4758900,-2.6111900,"Entire home/apt",27
1844,2147483647,452666032,1.47E+18,Bristol,Ashley,51.4617359,-2.5853928,"Entire home/apt",22
1845,2147483647,507661050,1.47E+18,Bristol,"Frome Vale",51.4813000,-2.5326300,"Entire home/apt",2
1846,2147483647,236481623,1.47E+18,Bristol,Ashley,51.4678500,-2.5723760,"Entire home/apt",48
1847,2147483647,480401814,1.47E+18,Bristol,Clifton,51.4563120,-2.6133731,"Entire home/apt",1
1848,2147483647,76333481,1.47E+18,Bristol,Bedminster,51.4410570,-2.6227053,"Entire home/apt",2
1849,2147483647,48316144,1.47E+18,Bristol,Bedminster,51.4499291,-2.6251157,"Entire home/apt",1
1850,2147483647,217550485,1.47E+18,Bristol,Ashley,51.4599690,-2.5873070,"Entire home/apt",7
1851,2147483647,191249657,1.47E+18,Bristol,"Bishopston & Ashley Down",51.4859859,-2.5807991,"Entire home/apt",2
1852,2147483647,10251409,1.46E+18,Bristol,"Brislington West",51.4291263,-2.5512425,"Entire home/apt",1
1853,2147483647,65380051,1.46E+18,Bristol,Central,51.4516472,-2.5864633,"Entire home/apt",2
1854,2147483647,2147483647,1.70E+18,Bristol,"Brislington West",51.4437954,-2.5646233,"Entire home/apt",8
1855,2147483647,51686051,1.47E+18,Bristol,Ashley,51.4611400,-2.5858100,"Entire home/apt",27
1856,2147483647,489685404,1.47E+18,Bristol,Clifton,51.4559500,-2.6115000,"Entire home/apt",20
1857,2147483647,542531505,1.47E+18,Bristol,Central,51.4587000,-2.5888300,"Entire home/apt",1
1858,2147483647,132747839,1.47E+18,Bristol,"Frome Vale",51.4878900,-2.5424400,"Entire home/apt",1
1859,2147483647,15671474,1.46E+18,Bristol,Cotham,51.4624300,-2.6021800,"Entire home/apt",1
1860,2147483647,13127767,1.46E+18,Bristol,Central,51.4535115,-2.5966038,"Entire home/apt",2
1861,2147483647,146425738,1.46E+18,Bristol,Bishopsworth,51.4193068,-2.6261924,"Entire home/apt",2
1862,2147483647,77773277,1.50E+18,Bristol,"Bishopston & Ashley Down",51.4845644,-2.5826514,"Private room",1
1863,2147483647,28266505,1.46E+18,Bristol,"St George Central",51.4595400,-2.5398800,"Entire home/apt",1
1864,2147483647,6946231,1.46E+18,Bristol,Cotham,51.4643100,-2.5920040,"Entire home/apt",1
1865,2147483647,690347886,1.47E+18,Bristol,Clifton,51.4590219,-2.6179031,"Entire home/apt",1
1866,2147483647,12416228,1.53E+18,Bristol,"Windmill Hill",51.4361841,-2.5959934,"Private room",1
1867,2147483647,28439533,1.47E+18,Bristol,"Hotwells & Harbourside",51.4495539,-2.6145659,"Private room",1
1868,2147483647,23962347,1.47E+18,Bristol,Central,51.4533445,-2.5981128,"Private room",1
1869,2147483647,40631976,1.46E+18,Bristol,Redland,51.4737116,-2.5983363,"Entire home/apt",1
1870,2147483647,65681357,1.47E+18,Bristol,Lockleaze,51.4946548,-2.5670879,"Private room",5
1871,2147483647,744675854,1.62E+18,Bristol,"Hotwells & Harbourside",51.4530694,-2.6086267,"Entire home/apt",1
1872,2147483647,449147189,1.49E+18,Bristol,Clifton,51.4555179,-2.6226996,"Entire home/apt",1
1873,2147483647,121865535,1.47E+18,Bristol,Central,51.4556200,-2.5913400,"Entire home/apt",3
1874,2147483647,65192629,1.46E+18,Bristol,Clifton,51.4564837,-2.6185424,"Entire home/apt",141
1875,2147483647,65192629,1.46E+18,Bristol,Clifton,51.4564837,-2.6185424,"Entire home/apt",141
1876,2147483647,65192629,1.46E+18,Bristol,Clifton,51.4564837,-2.6185424,"Entire home/apt",141
1877,2147483647,65192629,1.46E+18,Bristol,Clifton,51.4564837,-2.6185424,"Entire home/apt",141
1878,2147483647,65192629,1.46E+18,Bristol,Clifton,51.4564837,-2.6185424,"Entire home/apt",141
1879,2147483647,65192629,1.46E+18,Bristol,Clifton,51.4564837,-2.6185424,"Entire home/apt",141
1880,2147483647,5567174,1.46E+18,Bristol,"St George Central",51.4622600,-2.5228500,"Private room",11
1881,2147483647,16630323,1.46E+18,Bristol,"Henbury & Brentry",51.5086400,-2.6218500,"Entire home/apt",22
1882,2147483647,25066739,1.46E+18,Bristol,"Avonmouth & Lawrence Weston",51.4940100,-2.6511000,"Private room",4
1883,2147483647,95855026,1.47E+18,Bristol,"Stoke Bishop",51.4853165,-2.6452484,"Private room",2
1884,2147483647,215640107,1.47E+18,Bristol,Southmead,51.5025832,-2.6060495,"Entire home/apt",2
1885,2147483647,458751893,1.47E+18,Bristol,"Windmill Hill",51.4372200,-2.5845600,"Entire home/apt",1
1886,2147483647,489685404,1.47E+18,Bristol,Clifton,51.4541700,-2.6108600,"Entire home/apt",20
1887,2147483647,353109519,1.46E+18,Bristol,Filwood,51.4238800,-2.5773400,"Entire home/apt",2
1888,2147483647,53288015,1.46E+18,Bristol,"Avonmouth & Lawrence Weston",51.4832900,-2.6797800,"Private room",1
1889,2147483647,18561057,1.46E+18,Bristol,"Windmill Hill",51.4424000,-2.5835200,"Private room",1
1890,2147483647,142568583,1.47E+18,Bristol,Eastville,51.4684000,-2.5420600,"Private room",1
1891,2147483647,134627181,1.47E+18,Bristol,Central,51.4612600,-2.5933800,"Entire home/apt",3
1892,2147483647,579197659,1.47E+18,Bristol,"Clifton Down",51.4655600,-2.6077300,"Entire home/apt",1
1893,2147483647,529719340,1.47E+18,Bristol,"Hotwells & Harbourside",51.4489700,-2.6189000,"Entire home/apt",34
1894,2147483647,14065532,1.47E+18,Bristol,Clifton,51.4512408,-2.6096889,"Entire home/apt",1
1895,2147483647,21176789,1.46E+18,Bristol,"Hotwells & Harbourside",51.4468500,-2.6121900,"Private room",1
1896,2147483647,128429408,1.70E+18,Bristol,Central,51.4480573,-2.5932073,"Entire home/apt",1
1897,2147483647,131012664,1.47E+18,Bristol,Central,51.4468847,-2.5984249,"Entire home/apt",2
1898,2147483647,410588887,1.47E+18,Bristol,"Hotwells & Harbourside",51.4513240,-2.6077540,"Entire home/apt",17
1899,2147483647,12818622,1.46E+18,Bristol,"Hotwells & Harbourside",51.4496112,-2.6201578,"Entire home/apt",1
1900,2147483647,152788806,1.46E+18,Bristol,"Hotwells & Harbourside",51.4456218,-2.6179876,"Entire home/apt",20
1901,2147483647,101834946,1.47E+18,Bristol,"Hotwells & Harbourside",51.4501270,-2.6070037,"Entire home/apt",1
1902,2147483647,19293949,1.46E+18,Bristol,"Hotwells & Harbourside",51.4501822,-2.6069030,"Entire home/apt",1
1903,2147483647,31063670,1.47E+18,Bristol,Clifton,51.4511300,-2.6120300,"Private room",1
1904,2147483647,222515134,1.47E+18,Bristol,"Hotwells & Harbourside",51.4499085,-2.6061442,"Entire home/apt",1
1905,2147483647,410588887,1.47E+18,Bristol,"Hotwells & Harbourside",51.4512560,-2.6078050,"Entire home/apt",17
1906,2147483647,410588887,1.47E+18,Bristol,"Hotwells & Harbourside",51.4512980,-2.6077540,"Entire home/apt",17
1907,2147483647,65192629,1.46E+18,Bristol,Central,51.4539600,-2.6000200,"Entire home/apt",141
1908,2147483647,203359427,1.47E+18,Bristol,Southmead,51.4955933,-2.6022529,"Entire home/apt",1
1909,2147483647,16630323,1.46E+18,Bristol,Bishopsworth,51.4229659,-2.6048942,"Entire home/apt",22
1910,2147483647,596653,1.46E+18,Bristol,"Clifton Down",51.4631800,-2.6055000,"Entire home/apt",2
1911,2147483647,545422622,1.47E+18,Bristol,Easton,51.4635068,-2.5602782,"Entire home/apt",1
1912,2147483647,260014300,1.68E+18,Bristol,Bedminster,51.4350261,-2.6066195,"Private room",1
1913,2147483647,236481623,1.47E+18,Bristol,Ashley,51.4694900,-2.5724900,"Entire home/apt",48
1914,2147483647,661846447,1.47E+18,Bristol,"Frome Vale",51.4801300,-2.5292400,"Entire home/apt",1
1915,2147483647,532158290,1.47E+18,Bristol,Clifton,51.4561816,-2.6102800,"Entire home/apt",1
1916,2147483647,164934575,1.47E+18,Bristol,"Lawrence Hill",51.4579800,-2.5815500,"Entire home/apt",17
1917,2147483647,164934575,1.47E+18,Bristol,Ashley,51.4685900,-2.5909900,"Entire home/apt",17
1918,2147483647,164934575,1.47E+18,Bristol,Clifton,51.4532800,-2.6205500,"Entire home/apt",17
1919,2147483647,76074723,1.47E+18,Bristol,"St George West",51.4603700,-2.5515100,"Entire home/apt",13
1920,2147483647,74251074,1.47E+18,Bristol,"Hartcliffe & Withywood",51.4089878,-2.6309124,"Entire home/apt",1
1921,2147483647,58381672,1.46E+18,Bristol,Eastville,51.4773300,-2.5385000,"Entire home/apt",1
1922,2147483647,418250838,1.47E+18,Bristol,Central,51.4464500,-2.5936800,"Private room",1
1923,2147483647,236481623,1.47E+18,Bristol,Southville,51.4426600,-2.6076200,"Entire home/apt",48
1924,2147483647,11877178,1.46E+18,Bristol,Central,51.4556300,-2.5948600,"Entire home/apt",3
1925,2147483647,48240870,1.47E+18,Bristol,Central,51.4560516,-2.5968500,"Entire home/apt",7
1926,2147483647,12003492,1.46E+18,Bristol,"Windmill Hill",51.4394982,-2.5889180,"Entire home/apt",1
1927,2147483647,1582810,1.46E+18,Bristol,Easton,51.4658526,-2.5565121,"Private room",3
1928,2147483647,529719340,1.47E+18,Bristol,Horfield,51.4926556,-2.5891289,"Entire home/apt",34
1929,2147483647,50706651,1.47E+18,Bristol,Southville,51.4427700,-2.6097600,"Entire home/apt",6
1930,2147483647,302783811,1.59E+18,Bristol,"Henbury & Brentry",51.5101572,-2.6070693,"Entire home/apt",1
1931,2147483647,28554951,1.47E+18,Bristol,Ashley,51.4689900,-2.5743400,"Entire home/apt",1
1932,2147483647,38992095,1.47E+18,Bristol,Bedminster,51.4399916,-2.6230887,"Entire home/apt",1
1933,2147483647,25258092,1.47E+18,Bristol,Bedminster,51.4390231,-2.6097234,"Entire home/apt",1
1934,2147483647,67597315,1.53E+18,Bristol,Easton,51.4680057,-2.5554975,"Entire home/apt",1
1935,2147483647,553535955,1.59E+18,Bristol,Easton,51.4651185,-2.5634177,"Entire home/apt",1
1936,2147483647,521592521,1.47E+18,Bristol,"Frome Vale",51.4800786,-2.5248826,"Entire home/apt",1
1937,2147483647,748947373,1.63E+18,Bristol,"Hotwells & Harbourside",51.4498681,-2.6208765,"Entire home/apt",1
1938,2147483647,208292078,1.47E+18,Bristol,"Bishopston & Ashley Down",51.4835507,-2.5818115,"Entire home/apt",1
1939,2147483647,24872983,1.47E+18,Bristol,"Frome Vale",51.4843200,-2.5186600,"Entire home/apt",2
1940,2147483647,546585033,1.47E+18,Bristol,Easton,51.4717068,-2.5643269,"Entire home/apt",1
1941,2147483647,580505478,1.47E+18,Bristol,Horfield,51.4992800,-2.5821500,"Entire home/apt",1
1942,2147483647,51686051,1.47E+18,Bristol,Redland,51.4747900,-2.6099500,"Entire home/apt",27
1943,2147483647,65192629,1.46E+18,Bristol,"Hotwells & Harbourside",51.4496510,-2.6152811,"Entire home/apt",141
1944,2147483647,65192629,1.46E+18,Bristol,"Hotwells & Harbourside",51.4496500,-2.6152800,"Entire home/apt",141
1945,2147483647,65192629,1.46E+18,Bristol,"Hotwells & Harbourside",51.4496510,-2.6152811,"Entire home/apt",141
1946,2147483647,65192629,1.46E+18,Bristol,"Hotwells & Harbourside",51.4496510,-2.6152811,"Entire home/apt",141
1947,2147483647,65192629,1.46E+18,Bristol,"Hotwells & Harbourside",51.4496510,-2.6152811,"Entire home/apt",141
1948,2147483647,65192629,1.46E+18,Bristol,"Hotwells & Harbourside",51.4496510,-2.6152811,"Entire home/apt",141
1949,2147483647,65192629,1.46E+18,Bristol,"Hotwells & Harbourside",51.4496510,-2.6152811,"Entire home/apt",141
1950,2147483647,203515535,1.47E+18,Bristol,Bedminster,51.4382268,-2.6108140,"Entire home/apt",1
1951,2147483647,56465890,1.47E+18,Bristol,Easton,51.4612392,-2.5581103,"Entire home/apt",3
1952,2147483647,656477553,1.47E+18,Bristol,"Hengrove & Whitchurch Park",51.4074369,-2.5905762,"Entire home/apt",3
1953,2147483647,55127631,1.47E+18,Bristol,Central,51.4510700,-2.5936800,"Entire home/apt",1
1954,2147483647,30121516,1.47E+18,Bristol,Bedminster,51.4351126,-2.6071961,"Entire home/apt",1
1955,2147483647,509397214,1.47E+18,Bristol,Central,51.4486100,-2.5942000,"Entire home/apt",1
1956,2147483647,51686051,1.47E+18,Bristol,Lockleaze,51.4945100,-2.5724900,"Entire home/apt",27
1957,2147483647,450939371,1.47E+18,Bristol,Central,51.4532700,-2.5952000,"Entire home/apt",1
1958,2147483647,730330923,1.56E+18,Bristol,Clifton,51.4578417,-2.6178765,"Entire home/apt",1
1959,2147483647,306353963,1.47E+18,Bristol,"Avonmouth & Lawrence Weston",51.4972500,-2.6467800,"Entire home/apt",2
1960,2147483647,564976832,1.47E+18,Bristol,"Westbury-on-Trym & Henleaze",51.4815100,-2.6171600,"Entire home/apt",1
1961,2147483647,446546155,1.47E+18,Bristol,Central,51.4577400,-2.5985100,"Entire home/apt",2
1962,2147483647,164808650,1.47E+18,Bristol,Central,51.4561000,-2.5932300,"Private room",1
1963,2147483647,529719340,1.47E+18,Bristol,"Brislington West",51.4416800,-2.5587500,"Entire home/apt",34
1964,2147483647,667743357,1.47E+18,Bristol,"Avonmouth & Lawrence Weston",51.4994459,-2.6612714,"Entire home/apt",1
1965,2147483647,68053221,1.47E+18,Bristol,Clifton,51.4511440,-2.6177281,"Entire home/apt",3
1966,2147483647,471788984,1.47E+18,Bristol,"St George Central",51.4610200,-2.5297300,"Entire home/apt",1
1967,2147483647,437069880,1.47E+18,Bristol,"Frome Vale",51.4881697,-2.5363985,"Entire home/apt",2
1968,2147483647,586106431,1.47E+18,Bristol,Eastville,51.4674115,-2.5421561,"Entire home/apt",1
1969,2147483647,46399716,1.46E+18,Bristol,"Brislington East",51.4415384,-2.5361472,"Entire home/apt",14
1970,2147483647,65489853,1.47E+18,Bristol,Horfield,51.4937676,-2.5943916,"Private room",5
1971,2147483647,172125569,1.47E+18,Bristol,Redland,51.4770186,-2.5919691,"Entire home/apt",1
1972,2147483647,16630323,1.46E+18,Bristol,Stockwood,51.4187800,-2.5404100,"Entire home/apt",22
1973,2147483647,742609746,1.61E+18,Bristol,Ashley,51.4605928,-2.5892794,"Entire home/apt",1
1974,2147483647,2147483647,1.69E+18,Bristol,"Lawrence Hill",51.4520897,-2.5783611,"Private room",1
1975,2147483647,18814450,1.46E+18,Bristol,"St George West",51.4581051,-2.5527987,"Private room",4
1976,2147483647,238268860,1.47E+18,Bristol,"Avonmouth & Lawrence Weston",51.4899900,-2.6718700,"Private room",3
1977,2147483647,150734603,1.47E+18,Bristol,Horfield,51.5005200,-2.5896000,"Private room",3
1978,2147483647,507299841,1.47E+18,Bristol,Cotham,51.4638784,-2.5921095,"Entire home/apt",1
1979,2147483647,427895929,1.47E+18,Bristol,Ashley,51.4709100,-2.5844800,"Private room",7
1980,2147483647,16630323,1.46E+18,Bristol,Stockwood,51.4222616,-2.5591784,"Entire home/apt",22
1981,2147483647,213429784,1.46E+18,Bristol,Ashley,51.4631800,-2.5798600,"Private room",6
1982,2147483647,80519147,1.47E+18,Bristol,Bishopsworth,51.4139000,-2.6008600,"Entire home/apt",1
1983,2147483647,4282571,1.46E+18,Bristol,Bishopsworth,51.4155485,-2.6019555,"Entire home/apt",1
1984,2147483647,439525488,1.47E+18,Bristol,"St George Central",51.4603124,-2.5282665,"Entire home/apt",31
1985,2147483647,351355669,1.47E+18,Bristol,Ashley,51.4687200,-2.5910100,"Entire home/apt",1
1986,2147483647,86135807,1.46E+18,Bristol,"Brislington East",51.4390500,-2.5348000,"Entire home/apt",1
1987,2147483647,46399716,1.46E+18,Bristol,Horfield,51.4928537,-2.5760865,"Entire home/apt",14
1988,2147483647,46399716,1.46E+18,Bristol,Lockleaze,51.4902200,-2.5771600,"Entire home/apt",14
1989,2147483647,22828841,1.46E+18,Bristol,Cotham,51.4681000,-2.6061200,"Entire home/apt",1
1990,2147483647,504607906,1.47E+18,Bristol,Central,51.4520825,-2.5926553,"Entire home/apt",6
1991,2147483647,38385150,1.47E+18,Bristol,Clifton,51.4554500,-2.6100000,"Private room",2
1992,2147483647,4053495,1.46E+18,Bristol,Eastville,51.4737800,-2.5575300,"Private room",3
1993,2147483647,694753701,1.47E+18,Bristol,Southmead,51.4988500,-2.6007400,"Private room",5
1994,2147483647,175613563,1.46E+18,Bristol,Redland,51.4752100,-2.6084700,"Private room",1
1995,2147483647,446463214,1.46E+18,Bristol,Central,51.4589969,-2.5917292,"Entire home/apt",2
1996,2147483647,251463576,1.46E+18,Bristol,Southville,51.4415700,-2.6132100,"Entire home/apt",2
1997,2147483647,385546407,1.46E+18,Bristol,"Hotwells & Harbourside",51.4467713,-2.6031705,"Entire home/apt",2
1998,2147483647,106048726,1.47E+18,Bristol,Easton,51.4682850,-2.5513773,"Private room",2
1999,2147483647,106048726,1.47E+18,Bristol,Eastville,51.4694310,-2.5520024,"Private room",2
2000,2147483647,57277866,1.52E+18,Bristol,"Bishopston & Ashley Down",51.4796000,-2.5818200,"Private room",2
2001,2147483647,126233530,1.46E+18,Bristol,Southville,51.4428100,-2.6043200,"Private room",2
2002,2147483647,454010363,1.47E+18,Bristol,"Bishopston & Ashley Down",51.4846700,-2.5866800,"Private room",1
2003,2147483647,229816106,1.47E+18,Bristol,Redland,51.4772700,-2.5922100,"Private room",1
2004,2147483647,4580356,1.62E+18,Bristol,Lockleaze,51.4876791,-2.5689282,"Private room",1
2005,2147483647,51532974,1.47E+18,Bristol,"Stoke Bishop",51.4839802,-2.6294488,"Private room",1
2006,2147483647,395582485,1.47E+18,Bristol,"Stoke Bishop",51.4804372,-2.6420217,"Private room",2
2007,2147483647,9433539,1.46E+18,Bristol,Stockwood,51.4275500,-2.5576500,"Entire home/apt",1
2008,2147483647,67485274,1.59E+18,Bristol,Southville,51.4432850,-2.6019231,"Entire home/apt",1
2009,2147483647,51686051,1.47E+18,Bristol,Stockwood,51.4273400,-2.5598900,"Entire home/apt",27
2010,2147483647,504607906,1.47E+18,Bristol,Ashley,51.4642400,-2.5847400,"Entire home/apt",6
2011,2147483647,140517082,1.47E+18,Bristol,Southville,51.4440336,-2.6000909,"Entire home/apt",2
2012,2147483647,150928576,1.47E+18,Bristol,"Brislington East",51.4525003,-2.5460799,"Private room",1
2013,2147483647,473169011,1.47E+18,Bristol,Ashley,51.4735000,-2.5773500,"Private room",1
2014,2147483647,307889647,1.47E+18,Bristol,"Bishopston & Ashley Down",51.4863200,-2.5849500,"Private room",3
2015,2147483647,53599490,1.47E+18,Bristol,"Brislington West",51.4436710,-2.5686277,"Private room",3
2016,2147483647,446546155,1.47E+18,Bristol,Central,51.4583900,-2.5972400,"Private room",2
2017,2147483647,19405433,1.46E+18,Bristol,Southville,51.4407900,-2.6116500,"Private room",1
2018,2147483647,453659843,1.47E+18,Bristol,"Clifton Down",51.4592000,-2.6144200,"Private room",1
2019,2147483647,399687008,1.47E+18,Bristol,Filwood,51.4309500,-2.5984300,"Private room",1
2020,2147483647,8560772,1.46E+18,Bristol,Southville,51.4451769,-2.6192555,"Shared room",7
2021,2147483647,81589337,1.47E+18,Bristol,"Hotwells & Harbourside",51.4544283,-2.6029510,"Entire home/apt",4
2022,2147483647,562192712,1.47E+18,Bristol,"St George West",51.4623200,-2.5516400,"Entire home/apt",1
2023,2147483647,88010987,1.47E+18,Bristol,"Lawrence Hill",51.4519000,-2.5781400,"Entire home/apt",1
2024,2147483647,415275955,1.47E+18,Bristol,Ashley,51.4666100,-2.5890200,"Private room",4
2025,2147483647,5567174,1.46E+18,Bristol,"Clifton Down",51.4613800,-2.6095400,"Private room",11
2026,2147483647,51352282,1.47E+18,Bristol,"Bishopston & Ashley Down",51.4850423,-2.5816979,"Private room",1
2027,2147483647,108521599,1.47E+18,Bristol,"Stoke Bishop",51.4875900,-2.6400800,"Entire home/apt",1
2028,2147483647,5364619,1.46E+18,Bristol,"Hotwells & Harbourside",51.4520371,-2.6035917,"Entire home/apt",1
2029,2147483647,59289022,1.47E+18,Bristol,"Windmill Hill",51.4361150,-2.5895370,"Entire home/apt",1
2030,2147483647,82065496,1.47E+18,Bristol,"Stoke Bishop",51.4867880,-2.6510049,"Entire home/apt",2
2031,2147483647,152811753,1.47E+18,Bristol,"Frome Vale",51.4828000,-2.5319900,"Entire home/apt",1
2032,2147483647,98628308,1.47E+18,Bristol,"St George West",51.4616400,-2.5518400,"Entire home/apt",1
2033,2147483647,427895929,1.47E+18,Bristol,Ashley,51.4698400,-2.5862400,"Private room",7
2034,2147483647,8918451,1.46E+18,Bristol,"Lawrence Hill",51.4627500,-2.5664500,"Private room",2
2035,2147483647,1924253,1.46E+18,Bristol,Ashley,51.4719700,-2.5843500,"Entire home/apt",1
2036,2147483647,663454656,1.47E+18,Bristol,"Stoke Bishop",51.4810200,-2.6348031,"Entire home/apt",1
2037,2147483647,90852352,1.59E+18,Bristol,"Westbury-on-Trym & Henleaze",51.4855100,-2.6232900,"Entire home/apt",1
2038,2147483647,410897425,1.47E+18,Bristol,Easton,51.4611200,-2.5585300,"Private room",2
2039,2147483647,133121412,1.47E+18,Bristol,"Frome Vale",51.4808216,-2.5347875,"Entire home/apt",6
2040,2147483647,481511871,1.47E+18,Bristol,Ashley,51.4677600,-2.5785700,"Private room",3
2041,2147483647,133121412,1.47E+18,Bristol,Hillfields,51.4762504,-2.5334698,"Entire home/apt",6
2042,2147483647,133121412,1.47E+18,Bristol,Hillfields,51.4759979,-2.5334857,"Entire home/apt",6
2043,2147483647,593359528,1.47E+18,Bristol,Hillfields,51.4759872,-2.5342733,"Entire home/apt",8
2044,2147483647,441005352,1.47E+18,Bristol,Southville,51.4422700,-2.6027300,"Entire home/apt",9
2045,2147483647,8494147,1.46E+18,Bristol,Clifton,51.4532037,-2.6189620,"Private room",2
2046,2147483647,684999018,1.47E+18,Bristol,Bedminster,51.4363991,-2.6028813,"Private room",1
2047,2147483647,441005352,1.47E+18,Bristol,Southville,51.4413700,-2.6020400,"Entire home/apt",9
2048,2147483647,439525488,1.47E+18,Bristol,"St George West",51.4564367,-2.5514549,"Entire home/apt",31
2049,2147483647,410430990,1.47E+18,Bristol,"Clifton Down",51.4696409,-2.6136152,"Entire home/apt",1
2050,2147483647,16158377,1.46E+18,Bristol,"Windmill Hill",51.4425800,-2.5782700,"Entire home/apt",1
2051,2147483647,24792547,1.47E+18,Bristol,Central,51.4495746,-2.5967833,"Entire home/apt",1
2052,2147483647,25962080,1.47E+18,Bristol,"Clifton Down",51.4695500,-2.6131800,"Entire home/apt",1
2053,2147483647,85312681,1.59E+18,Bristol,Bedminster,51.4388421,-2.6025002,"Entire home/apt",1
2054,2147483647,45747127,1.47E+18,Bristol,"Stoke Bishop",51.4720100,-2.6297000,"Entire home/apt",1
2055,2147483647,11688600,1.46E+18,Bristol,"Bishopston & Ashley Down",51.4839685,-2.5875855,"Entire home/apt",1
2056,2147483647,1900844,1.46E+18,Bristol,Southville,51.4453200,-2.6063300,"Entire home/apt",1
2057,2147483647,126233530,1.46E+18,Bristol,Southville,51.4418252,-2.6054664,"Entire home/apt",2
2058,2147483647,13530565,1.46E+18,Bristol,Easton,51.4561422,-2.5569412,"Entire home/apt",1
2059,2147483647,369624884,1.47E+18,Bristol,Central,51.4570800,-2.5930100,"Entire home/apt",9
2060,2147483647,246565079,1.47E+18,Bristol,Horfield,51.4955200,-2.5958000,"Entire home/apt",1
2061,2147483647,17137345,1.46E+18,Bristol,Redland,51.4689200,-2.5973700,"Entire home/apt",3
2062,2147483647,38195787,1.47E+18,Bristol,Redland,51.4757574,-2.6055036,"Entire home/apt",1
2063,2147483647,439525488,1.47E+18,Bristol,Hillfields,51.4751809,-2.5173887,"Entire home/apt",31
2064,2147483647,122696129,1.47E+18,Bristol,Redland,51.4737100,-2.5925000,"Private room",4
2065,2147483647,39847067,1.47E+18,Bristol,Easton,51.4669865,-2.5541741,"Private room",1
2066,2147483647,523726525,1.47E+18,Bristol,Ashley,51.4637928,-2.5864977,"Entire home/apt",4
2067,2147483647,521278288,1.47E+18,Bristol,Clifton,51.4510500,-2.6216700,"Entire home/apt",1
2068,2147483647,573453863,1.47E+18,Bristol,"Clifton Down",51.4668978,-2.6163243,"Entire home/apt",1
2069,2147483647,191609921,1.47E+18,Bristol,Bedminster,51.4370700,-2.6072800,"Private room",2
2070,2147483647,39358353,1.47E+18,Bristol,"Brislington West",51.4315200,-2.5485700,"Private room",2
2071,2147483647,19394215,1.46E+18,Bristol,Lockleaze,51.4894784,-2.5687625,"Private room",1
2072,2147483647,182461100,1.47E+18,Bristol,"Windmill Hill",51.4364500,-2.5958800,"Entire home/apt",1
2073,2147483647,9447591,1.46E+18,Bristol,Knowle,51.4331300,-2.5824900,"Entire home/apt",1
2074,2147483647,40577445,1.47E+18,Bristol,Ashley,51.4662800,-2.5871600,"Entire home/apt",1
2075,2147483647,66943763,1.47E+18,Bristol,Ashley,51.4691876,-2.5735153,"Entire home/apt",1
2076,2147483647,49071955,1.47E+18,Bristol,"St George Troopers Hill",51.4530500,-2.5289800,"Entire home/apt",1
2077,2147483647,84202769,1.47E+18,Bristol,Easton,51.4639400,-2.5532700,"Entire home/apt",1
2078,2147483647,65192629,1.46E+18,Bristol,Central,51.4579487,-2.5989483,"Entire home/apt",141
2079,2147483647,49284251,1.47E+18,Bristol,"Brislington West",51.4344800,-2.5541400,"Private room",3
2080,2147483647,49284251,1.47E+18,Bristol,"Brislington West",51.4355300,-2.5535000,"Private room",3
2081,2147483647,49284251,1.47E+18,Bristol,"Brislington West",51.4357500,-2.5541600,"Private room",3
2082,2147483647,119455618,1.47E+18,Bristol,Horfield,51.4939563,-2.5795545,"Private room",1
2083,2147483647,360839999,1.46E+18,Bristol,Central,51.4598700,-2.5979100,"Private room",1
2084,2147483647,19128769,1.46E+18,Bristol,Ashley,51.4703900,-2.5901600,"Private room",2
2085,2147483647,83768162,1.47E+18,Bristol,Horfield,51.4904095,-2.5882143,"Private room",4
2086,2147483647,94147757,1.47E+18,Bristol,Bedminster,51.4332100,-2.6101800,"Private room",1
2087,2147483647,694753701,1.47E+18,Bristol,Southmead,51.4979458,-2.6008357,"Private room",5
2088,2147483647,1826797,1.46E+18,Bristol,Ashley,51.4682090,-2.5805121,"Private room",1
2089,2147483647,307889647,1.47E+18,Bristol,"Bishopston & Ashley Down",51.4857370,-2.5858923,"Private room",3
2090,2147483647,8755965,1.46E+18,Bristol,Redland,51.4722800,-2.6044400,"Entire home/apt",1
2091,2147483647,65192629,1.46E+18,Bristol,"Brislington West",51.4381844,-2.5579145,"Entire home/apt",141
2092,2147483647,65192629,1.46E+18,Bristol,"Brislington West",51.4392524,-2.5575514,"Entire home/apt",141
2093,2147483647,65192629,1.46E+18,Bristol,"Brislington West",51.4384168,-2.5576954,"Entire home/apt",141
2094,2147483647,65192629,1.46E+18,Bristol,"Brislington West",51.4397353,-2.5590862,"Entire home/apt",141
2095,2147483647,65192629,1.46E+18,Bristol,"Brislington West",51.4401088,-2.5579706,"Entire home/apt",141
2096,2147483647,65192629,1.46E+18,Bristol,"Brislington West",51.4392166,-2.5574790,"Entire home/apt",141
2097,2147483647,65192629,1.46E+18,Bristol,"Brislington West",51.4383763,-2.5587436,"Entire home/apt",141
2098,2147483647,65192629,1.46E+18,Bristol,"Brislington West",51.4398061,-2.5590341,"Entire home/apt",141
2099,2147483647,65192629,1.46E+18,Bristol,"Brislington West",51.4394060,-2.5593645,"Entire home/apt",141
2100,2147483647,694753701,1.47E+18,Bristol,Southmead,51.4977733,-2.6015348,"Entire home/apt",5
2101,2147483647,11717203,1.46E+18,Bristol,Easton,51.4695000,-2.5600400,"Entire home/apt",1
2102,2147483647,14505869,1.46E+18,Bristol,"Windmill Hill",51.4395557,-2.5837751,"Entire home/apt",2
2103,2147483647,653589723,1.46E+18,Bristol,Ashley,51.4676700,-2.5820700,"Entire home/apt",2
2105,2147483647,592490399,1.47E+18,Bristol,Easton,51.4670500,-2.5619900,"Entire home/apt",9
2106,2147483647,592490399,1.47E+18,Bristol,Eastville,51.4759200,-2.5487300,"Entire home/apt",9
2107,2147483647,559434369,1.47E+18,Bristol,"Hotwells & Harbourside",51.4494600,-2.6071500,"Entire home/apt",1
2108,2147483647,507740232,1.47E+18,Bristol,"Hotwells & Harbourside",51.4500265,-2.6071885,"Entire home/apt",1
2109,2147483647,33907887,1.47E+18,Bristol,Horfield,51.4950538,-2.5793203,"Entire home/apt",1
2110,2147483647,353287720,1.47E+18,Bristol,Ashley,51.4630800,-2.5861200,"Entire home/apt",1
2111,2147483647,534174931,1.47E+18,Bristol,"Lawrence Hill",51.4525200,-2.5753600,"Entire home/apt",1
2112,2147483647,2147483647,1.70E+18,Bristol,Easton,51.4618418,-2.5565434,"Entire home/apt",8
2113,2147483647,165389315,1.47E+18,Bristol,Clifton,51.4604470,-2.6196187,"Entire home/apt",1
2114,2147483647,140517082,1.47E+18,Bristol,Clifton,51.4544317,-2.6115920,"Entire home/apt",2
2115,2147483647,726452303,1.60E+18,Bristol,Horfield,51.5015870,-2.5908850,"Entire home/apt",2
2116,2147483647,339164909,1.46E+18,Bristol,"Avonmouth & Lawrence Weston",51.4976200,-2.6453000,"Entire home/apt",1
2117,2147483647,560672372,1.47E+18,Bristol,Cotham,51.4676061,-2.5931875,"Entire home/apt",2
2118,2147483647,17112515,1.46E+18,Bristol,Central,51.4557255,-2.5987899,"Entire home/apt",1
2119,2147483647,19436350,1.46E+18,Bristol,Clifton,51.4538419,-2.6205265,"Entire home/apt",2
2120,2147483647,529719340,1.47E+18,Bristol,Ashley,51.4659100,-2.5792000,"Entire home/apt",34
2121,2147483647,3367304,1.46E+18,Bristol,Clifton,51.4545299,-2.6177806,"Entire home/apt",1
2122,2147483647,541087718,1.67E+18,Bristol,"Clifton Down",51.4647206,-2.6126811,"Entire home/apt",1
2123,2147483647,28973233,1.47E+18,Bristol,"Clifton Down",51.4619300,-2.6135700,"Entire home/apt",1
2124,2147483647,468940269,1.47E+18,Bristol,"Clifton Down",51.4575900,-2.6097100,"Entire home/apt",1
2125,2147483647,22277910,1.46E+18,Bristol,Southville,51.4428100,-2.6117100,"Entire home/apt",1
2126,2147483647,359950028,1.47E+18,Bristol,"Hotwells & Harbourside",51.4554600,-2.6051100,"Entire home/apt",2
2127,2147483647,387785455,1.66E+18,Bristol,"Westbury-on-Trym & Henleaze",51.4802656,-2.6093362,"Entire home/apt",1
2128,2147483647,726452303,1.60E+18,Bristol,Southmead,51.5021599,-2.5918264,"Entire home/apt",2
2129,2147483647,195944946,1.47E+18,Bristol,"Hotwells & Harbourside",51.4534900,-2.6026000,"Private room",1
2130,2147483647,296941758,1.47E+18,Bristol,Horfield,51.4925200,-2.5870200,"Entire home/apt",1
2131,2147483647,656146299,1.47E+18,Bristol,Bishopsworth,51.4277422,-2.6129223,"Private room",1
2132,2147483647,599758346,1.47E+18,Bristol,Eastville,51.4726663,-2.5454263,"Entire home/apt",5
2133,2147483647,455023755,1.47E+18,Bristol,"Henbury & Brentry",51.5081600,-2.6192600,"Private room",1
2134,2147483647,300092592,1.47E+18,Bristol,Filwood,51.4297477,-2.5972670,"Private room",1
2135,2147483647,9534384,1.46E+18,Bristol,"St George Central",51.4631900,-2.5308600,"Private room",1
2136,2147483647,13624883,1.46E+18,Bristol,Ashley,51.4683100,-2.5858500,"Entire home/apt",1
2137,2147483647,236481623,1.47E+18,Bristol,"Lawrence Hill",51.4545934,-2.5784534,"Entire home/apt",48
2138,2147483647,236481623,1.47E+18,Bristol,"Lawrence Hill",51.4539200,-2.5789300,"Entire home/apt",48
2139,2147483647,236481623,1.47E+18,Bristol,"Lawrence Hill",51.4553500,-2.5794500,"Entire home/apt",48
2140,2147483647,236481623,1.47E+18,Bristol,"Lawrence Hill",51.4551500,-2.5794900,"Entire home/apt",48
2141,2147483647,236481623,1.47E+18,Bristol,"Lawrence Hill",51.4552700,-2.5778500,"Entire home/apt",48
2142,2147483647,236481623,1.47E+18,Bristol,"Lawrence Hill",51.4554700,-2.5780000,"Entire home/apt",48
2143,2147483647,4879633,1.69E+18,Bristol,Clifton,51.4550540,-2.6200565,"Entire home/apt",1
2144,2147483647,24488456,1.47E+18,Bristol,"Hartcliffe & Withywood",51.4100382,-2.6205025,"Entire home/apt",1
2145,2147483647,4910749,1.46E+18,Bristol,Southville,51.4418100,-2.6128600,"Private room",2
2146,2147483647,2147483647,1.69E+18,Bristol,Bedminster,51.4367632,-2.6052416,"Entire home/apt",1
2147,2147483647,489082115,1.47E+18,Bristol,Central,51.4542600,-2.5923700,"Entire home/apt",1
2148,2147483647,222909526,1.47E+18,Bristol,Bedminster,51.4394500,-2.6080400,"Entire home/apt",1
2149,2147483647,46399716,1.46E+18,Bristol,"Brislington West",51.4436443,-2.5637120,"Entire home/apt",14
2150,2147483647,452666032,1.47E+18,Bristol,Ashley,51.4620092,-2.5849478,"Entire home/apt",22
2151,2147483647,452666032,1.47E+18,Bristol,Ashley,51.4622183,-2.5843480,"Entire home/apt",22
2152,2147483647,488324852,1.47E+18,Bristol,"St George West",51.4552951,-2.5486578,"Entire home/apt",1
2153,2147483647,478831782,1.47E+18,Bristol,Cotham,51.4700300,-2.6029386,"Entire home/apt",1
2154,2147483647,36558664,1.47E+18,Bristol,"St George Central",51.4580800,-2.5245000,"Entire home/apt",1
2155,2147483647,164934575,1.47E+18,Bristol,"Lawrence Hill",51.4571000,-2.5816100,"Entire home/apt",17
2156,2147483647,267411486,1.47E+18,Bristol,"Hengrove & Whitchurch Park",51.4123100,-2.5654700,"Entire home/apt",4
2157,2147483647,115957374,1.47E+18,Bristol,"St George Central",51.4626400,-2.5343200,"Entire home/apt",1
2158,2147483647,267411486,1.47E+18,Bristol,"Hengrove & Whitchurch Park",51.4144800,-2.5758900,"Entire home/apt",4
2159,2147483647,46399716,1.46E+18,Bristol,Southmead,51.5034680,-2.5987333,"Entire home/apt",14
2160,2147483647,737355602,1.59E+18,Bristol,Filwood,51.4168736,-2.5917458,"Entire home/apt",1
2161,2147483647,519751936,1.47E+18,Bristol,Eastville,51.4665414,-2.5424465,"Entire home/apt",8
2162,2147483647,593076113,1.47E+18,Bristol,Lockleaze,51.4949473,-2.5736922,"Entire home/apt",1
2163,2147483647,65192629,1.46E+18,Bristol,Clifton,51.4569251,-2.6180777,"Entire home/apt",141
2164,2147483647,409170339,1.47E+18,Bristol,"Lawrence Hill",51.4638300,-2.5684700,"Entire home/apt",1
2165,2147483647,34345543,1.47E+18,Bristol,Ashley,51.4616320,-2.5859558,"Entire home/apt",1
2166,2147483647,482460983,1.47E+18,Bristol,"St George West",51.4634453,-2.5515926,"Entire home/apt",1
2167,2147483647,154152507,1.47E+18,Bristol,"Clifton Down",51.4665600,-2.6114400,"Entire home/apt",29
2168,2147483647,154152507,1.47E+18,Bristol,"Clifton Down",51.4666900,-2.6097100,"Entire home/apt",29
2169,2147483647,471612260,1.47E+18,Bristol,Eastville,51.4778295,-2.5349436,"Entire home/apt",1
2170,2147483647,529719340,1.47E+18,Bristol,"Windmill Hill",51.4422500,-2.5838100,"Entire home/apt",34
2171,2147483647,164934575,1.47E+18,Bristol,"Lawrence Hill",51.4571700,-2.5831800,"Entire home/apt",17
2172,2147483647,164934575,1.47E+18,Bristol,"Lawrence Hill",51.4555700,-2.5818800,"Entire home/apt",17
2173,2147483647,676980874,1.47E+18,Bristol,Southville,51.4455177,-2.5913988,"Entire home/apt",5
2174,2147483647,125651447,1.47E+18,Bristol,Central,51.4468939,-2.5995098,"Entire home/apt",67
2175,2147483647,124659955,1.47E+18,Bristol,Ashley,51.4611700,-2.5900400,"Entire home/apt",3
2176,2147483647,469281729,1.46E+18,Bristol,"Brislington East",51.4315998,-2.5280165,"Entire home/apt",1
2177,2147483647,92136374,1.47E+18,Bristol,"Hengrove & Whitchurch Park",51.4083200,-2.5912300,"Private room",1
2178,2147483647,472507104,1.47E+18,Bristol,Bishopsworth,51.4275700,-2.6123000,"Private room",2
2179,2147483647,594817281,1.47E+18,Bristol,Central,51.4603689,-2.5934351,"Entire home/apt",2
2180,2147483647,149656980,1.57E+18,Bristol,"St George West",51.4588800,-2.5494400,"Entire home/apt",1
2181,2147483647,17317675,1.46E+18,Bristol,Southmead,51.5041200,-2.6057800,"Entire home/apt",2
2182,2147483647,592490399,1.47E+18,Bristol,Eastville,51.4689100,-2.5518400,"Entire home/apt",9
2183,2147483647,529719340,1.47E+18,Bristol,Eastville,51.4810500,-2.5476400,"Entire home/apt",34
2184,2147483647,716335826,1.50E+18,Bristol,"Henbury & Brentry",51.5076442,-2.6190819,"Entire home/apt",1
2185,2147483647,529719340,1.47E+18,Bristol,"Henbury & Brentry",51.5098500,-2.6077700,"Entire home/apt",34
2186,2147483647,55919376,1.47E+18,Bristol,Bedminster,51.4386000,-2.6138500,"Entire home/apt",1
2187,2147483647,409628630,1.47E+18,Bristol,"Brislington West",51.4405093,-2.5544000,"Entire home/apt",3
2188,2147483647,154152507,1.47E+18,Bristol,Ashley,51.4611800,-2.5871100,"Entire home/apt",29
2189,2147483647,489685404,1.47E+18,Bristol,"Lawrence Hill",51.4568600,-2.5626100,"Entire home/apt",20
2190,2147483647,489685404,1.47E+18,Bristol,"Lawrence Hill",51.4564000,-2.5797400,"Entire home/apt",20
2191,2147483647,712692056,1.48E+18,Bristol,"Hengrove & Whitchurch Park",51.4128347,-2.5861934,"Entire home/apt",1
2192,2147483647,34635555,1.47E+18,Bristol,Southmead,51.5094600,-2.5968800,"Entire home/apt",4
2193,2147483647,751384690,1.64E+18,Bristol,Bedminster,51.4345375,-2.6062005,"Private room",2
2194,2147483647,751384690,1.64E+18,Bristol,Filwood,51.4339100,-2.6055800,"Private room",2
2195,2147483647,371133660,1.47E+18,Bristol,Ashley,51.4657405,-2.5893359,"Private room",1
2196,2147483647,5567174,1.46E+18,Bristol,"Hotwells & Harbourside",51.4559718,-2.6074669,"Entire home/apt",11
2197,2147483647,238955718,1.66E+18,Bristol,Horfield,51.4889684,-2.5828559,"Entire home/apt",1
2198,2147483647,154152507,1.47E+18,Bristol,"Clifton Down",51.4654400,-2.6096400,"Entire home/apt",29
2199,2147483647,66333292,1.47E+18,Bristol,"Bishopston & Ashley Down",51.4752341,-2.5893890,"Entire home/apt",1
2200,2147483647,48240870,1.47E+18,Bristol,Southville,51.4456000,-2.6060000,"Entire home/apt",7
2201,2147483647,566677957,1.47E+18,Bristol,Lockleaze,51.4948700,-2.5732400,"Entire home/apt",1
2202,2147483647,734764397,1.58E+18,Bristol,"Hartcliffe & Withywood",51.4115589,-2.6007294,"Private room",2
2203,2147483647,671497034,1.63E+18,Bristol,Bishopsworth,51.4140570,-2.6218660,"Entire home/apt",1
2204,2147483647,519945528,1.47E+18,Bristol,Ashley,51.4604800,-2.5894100,"Entire home/apt",14
2205,2147483647,48240870,1.47E+18,Bristol,Southville,51.4455400,-2.6095100,"Entire home/apt",7
2206,2147483647,519945528,1.47E+18,Bristol,"Lawrence Hill",51.4555226,-2.5796323,"Entire home/apt",14
2207,2147483647,57277866,1.52E+18,Bristol,"Bishopston & Ashley Down",51.4796791,-2.5820892,"Entire home/apt",2
2208,2147483647,21155525,1.68E+18,Bristol,Central,51.4558400,-2.5949100,"Entire home/apt",1
2209,2147483647,54481229,1.47E+18,Bristol,"Bishopston & Ashley Down",51.4777700,-2.5877600,"Entire home/apt",1
2210,2147483647,2060517,1.46E+18,Bristol,Easton,51.4676500,-2.5602900,"Entire home/apt",1
2211,2147483647,7131540,1.46E+18,Bristol,Ashley,51.4652700,-2.5855100,"Entire home/apt",1
2212,2147483647,653589723,1.46E+18,Bristol,Ashley,51.4673544,-2.5827281,"Entire home/apt",2
2213,2147483647,2147483647,1.68E+18,Bristol,Lockleaze,51.4835500,-2.5788700,"Entire home/apt",1
2214,2147483647,537934654,1.53E+18,Bristol,Lockleaze,51.4854512,-2.5793126,"Entire home/apt",2
2215,2147483647,537934654,1.53E+18,Bristol,Lockleaze,51.4847600,-2.5795200,"Entire home/apt",2
2216,2147483647,489685404,1.47E+18,Bristol,Central,51.4604200,-2.5924000,"Private room",20
2217,2147483647,489685404,1.47E+18,Bristol,Cotham,51.4623955,-2.5940895,"Private room",20
2218,2147483647,489685404,1.47E+18,Bristol,Central,51.4624145,-2.5923861,"Private room",20
2219,2147483647,2908382,1.46E+18,Bristol,Cotham,51.4653771,-2.5927928,"Entire home/apt",5
2220,2147483647,2908382,1.46E+18,Bristol,Cotham,51.4641438,-2.5930065,"Entire home/apt",5
2221,2147483647,4221490,1.46E+18,Bristol,Central,51.4534299,-2.5965038,"Entire home/apt",4
2222,2147483647,236481623,1.47E+18,Bristol,Southville,51.4429900,-2.6171100,"Entire home/apt",48
2223,2147483647,83345915,1.47E+18,Bristol,Redland,51.4722694,-2.5920588,"Entire home/apt",2
2224,2147483647,439525488,1.47E+18,Bristol,"Clifton Down",51.4706614,-2.6108490,"Entire home/apt",31
2225,2147483647,456801963,1.47E+18,Bristol,"Avonmouth & Lawrence Weston",51.4913118,-2.6847213,"Entire home/apt",1
2226,2147483647,282054366,1.47E+18,Bristol,"Clifton Down",51.4631763,-2.6113407,"Entire home/apt",1
2227,2147483647,439525488,1.47E+18,Bristol,"Clifton Down",51.4646007,-2.6083183,"Entire home/apt",31
2228,2147483647,18744098,1.46E+18,Bristol,"Westbury-on-Trym & Henleaze",51.4784137,-2.6129057,"Private room",1
2229,2147483647,65192629,1.46E+18,Bristol,"Lawrence Hill",51.4568807,-2.5816885,"Entire home/apt",141
2230,2147483647,65192629,1.46E+18,Bristol,"Lawrence Hill",51.4568807,-2.5816885,"Entire home/apt",141
2231,2147483647,65192629,1.46E+18,Bristol,"Lawrence Hill",51.4568807,-2.5816885,"Entire home/apt",141
2232,2147483647,65192629,1.46E+18,Bristol,"Lawrence Hill",51.4568807,-2.5816885,"Entire home/apt",141
2233,2147483647,65192629,1.46E+18,Bristol,"Lawrence Hill",51.4568807,-2.5816885,"Entire home/apt",141
2234,2147483647,65192629,1.46E+18,Bristol,"Lawrence Hill",51.4568807,-2.5816885,"Entire home/apt",141
2235,2147483647,65192629,1.46E+18,Bristol,"Lawrence Hill",51.4568356,-2.5829625,"Entire home/apt",141
2236,2147483647,65192629,1.46E+18,Bristol,"Lawrence Hill",51.4568807,-2.5816885,"Entire home/apt",141
2237,2147483647,65192629,1.46E+18,Bristol,"Lawrence Hill",51.4568807,-2.5816885,"Entire home/apt",141
2238,2147483647,401425943,1.69E+18,Bristol,"St George Central",51.4632246,-2.5214739,"Entire home/apt",1
2239,2147483647,172722778,1.47E+18,Bristol,Central,51.4561800,-2.5872300,"Entire home/apt",1
2240,2147483647,43130316,1.51E+18,Bristol,"St George Troopers Hill",51.4497900,-2.5342500,"Entire home/apt",1
2241,2147483647,21079337,1.46E+18,Bristol,"Windmill Hill",51.4398070,-2.5925941,"Entire home/apt",1
2242,2147483647,154152507,1.47E+18,Bristol,Cotham,51.4659400,-2.6043200,"Entire home/apt",29
2243,2147483647,154152507,1.47E+18,Bristol,Cotham,51.4675600,-2.6035900,"Entire home/apt",29
2244,2147483647,154152507,1.47E+18,Bristol,Cotham,51.4657900,-2.6051800,"Entire home/apt",29
2245,2147483647,154152507,1.47E+18,Bristol,Cotham,51.4658200,-2.6050800,"Entire home/apt",29
2246,2147483647,24070822,1.47E+18,Bristol,Easton,51.4668258,-2.5548678,"Entire home/apt",1
2247,2147483647,36689109,1.47E+18,Bristol,Redland,51.4796400,-2.5896000,"Entire home/apt",2
2248,2147483647,48225137,1.47E+18,Bristol,Clifton,51.4582900,-2.6216700,"Entire home/apt",1
2249,2147483647,557492956,1.47E+18,Bristol,"Westbury-on-Trym & Henleaze",51.4915900,-2.5980000,"Private room",1
2250,2147483647,593359528,1.47E+18,Bristol,Horfield,51.4953000,-2.5758800,"Private room",8
2251,2147483647,159859931,1.46E+18,Bristol,"Lawrence Hill",51.4607500,-2.5745700,"Private room",2
2252,2147483647,159859931,1.46E+18,Bristol,"Lawrence Hill",51.4616971,-2.5735244,"Private room",2
2253,2147483647,267423637,1.47E+18,Bristol,Filwood,51.4256059,-2.5796604,"Private room",1
2254,2147483647,213266388,1.47E+18,Bristol,Horfield,51.4920900,-2.5797800,"Private room",1
2255,2147483647,4651728,1.46E+18,Bristol,Bedminster,51.4405600,-2.6033500,"Entire home/apt",1
2256,2147483647,592490399,1.47E+18,Bristol,"Windmill Hill",51.4361200,-2.5949000,"Entire home/apt",9
2257,2147483647,77575724,1.46E+18,Bristol,"Frome Vale",51.4898567,-2.5388717,"Private room",2
2258,2147483647,77575724,1.46E+18,Bristol,"Frome Vale",51.4886100,-2.5398900,"Private room",2
2259,2147483647,4221490,1.46E+18,Bristol,Central,51.4532694,-2.5965038,"Entire home/apt",4
2260,2147483647,105564995,1.46E+18,Bristol,Southville,51.4399474,-2.5954326,"Entire home/apt",4
2261,2147483647,587992641,1.47E+18,Bristol,"Brislington West",51.4480500,-2.5509100,"Entire home/apt",1
2262,2147483647,7473303,1.46E+18,Bristol,"Frome Vale",51.4885500,-2.5459100,"Entire home/apt",1
2263,2147483647,489685404,1.47E+18,Bristol,"Lawrence Hill",51.4577100,-2.5791000,"Entire home/apt",20
2264,2147483647,65192629,1.46E+18,Bristol,Central,51.4579487,-2.5989483,"Entire home/apt",141
2265,2147483647,17317675,1.46E+18,Bristol,Southmead,51.5027000,-2.6035800,"Entire home/apt",2
2266,2147483647,299985021,1.46E+18,Bristol,Southmead,51.5031300,-2.6049900,"Entire home/apt",2
2267,2147483647,65192629,1.46E+18,Bristol,Clifton,51.4564981,-2.6171258,"Entire home/apt",141
2268,2147483647,460496987,1.47E+18,Bristol,Southmead,51.5027900,-2.5930900,"Entire home/apt",1
2269,2147483647,705392725,1.47E+18,Bristol,Southmead,51.4970910,-2.6022582,"Private room",1
2270,2147483647,702177497,1.47E+18,Bristol,"Lawrence Hill",51.4556800,-2.5831900,"Entire home/apt",1
2271,2147483647,2147483647,1.70E+18,Bristol,"Hotwells & Harbourside",51.4498523,-2.6026223,"Entire home/apt",1
2272,2147483647,125651447,1.47E+18,Bristol,Central,51.4467653,-2.5994481,"Entire home/apt",67
2273,2147483647,154152507,1.47E+18,Bristol,"Clifton Down",51.4659600,-2.6146900,"Entire home/apt",29
2274,2147483647,582628471,1.47E+18,Bristol,"Hotwells & Harbourside",51.4500317,-2.6108364,"Entire home/apt",1
2275,2147483647,75449430,1.47E+18,Bristol,Easton,51.4653772,-2.5624833,"Private room",1
2276,2147483647,96277677,1.47E+18,Bristol,"Clifton Down",51.4635500,-2.6137000,"Entire home/apt",1
2277,2147483647,594817281,1.47E+18,Bristol,Central,51.4553728,-2.5955993,"Entire home/apt",2
2278,2147483647,51686051,1.47E+18,Bristol,Redland,51.4754300,-2.6097700,"Entire home/apt",27
2279,2147483647,16630323,1.46E+18,Bristol,"Avonmouth & Lawrence Weston",51.4884300,-2.6702100,"Entire home/apt",22
2280,2147483647,581277243,1.46E+18,Bristol,Central,51.4548412,-2.6010364,"Entire home/apt",5
2281,2147483647,51686051,1.47E+18,Bristol,Redland,51.4739400,-2.6114700,"Entire home/apt",27
2282,2147483647,5359643,1.46E+18,Bristol,"Windmill Hill",51.4331900,-2.5995200,"Entire home/apt",1
2283,2147483647,387900731,1.47E+18,Bristol,Southmead,51.4993970,-2.5969310,"Entire home/apt",1
2284,2147483647,125271207,1.47E+18,Bristol,"Avonmouth & Lawrence Weston",51.4986394,-2.6593269,"Entire home/apt",1
2285,2147483647,35080628,1.47E+18,Bristol,"St George West",51.4648541,-2.5382766,"Entire home/apt",1
2286,2147483647,6613206,1.46E+18,Bristol,Ashley,51.4712700,-2.5910700,"Entire home/apt",1
2287,2147483647,494585056,1.47E+18,Bristol,Easton,51.4665600,-2.5560600,"Entire home/apt",1
2288,2147483647,76074723,1.47E+18,Bristol,Eastville,51.4695000,-2.5514700,"Entire home/apt",13
2289,2147483647,506233752,1.47E+18,Bristol,"Bishopston & Ashley Down",51.4842600,-2.5895000,"Entire home/apt",1
2290,2147483647,452666032,1.47E+18,Bristol,Ashley,51.4605651,-2.5844483,"Entire home/apt",22
2291,2147483647,91351338,1.47E+18,Bristol,Cotham,51.4664300,-2.6011200,"Entire home/apt",2
2292,2147483647,10728768,1.46E+18,Bristol,Cotham,51.4657349,-2.6033118,"Entire home/apt",1
2293,2147483647,91351338,1.47E+18,Bristol,Cotham,51.4653100,-2.6008600,"Entire home/apt",2
2294,2147483647,79826129,1.47E+18,Bristol,"Clifton Down",51.4627707,-2.6106269,"Entire home/apt",2
2295,2147483647,2147483647,1.68E+18,Bristol,Bedminster,51.4388100,-2.6111422,"Private room",1
2296,2147483647,20999681,1.46E+18,Bristol,Ashley,51.4748900,-2.5764800,"Private room",4
2297,2147483647,410588887,1.47E+18,Bristol,Ashley,51.4664464,-2.5798087,"Entire home/apt",17
2298,2147483647,125651447,1.47E+18,Bristol,Central,51.4577480,-2.6074675,"Entire home/apt",67
2299,2147483647,125651447,1.47E+18,Bristol,"Clifton Down",51.4630904,-2.6163073,"Entire home/apt",67
2300,2147483647,125651447,1.47E+18,Bristol,Clifton,51.4628705,-2.6178167,"Entire home/apt",67
2301,2147483647,125651447,1.47E+18,Bristol,"Clifton Down",51.4618505,-2.6160317,"Entire home/apt",67
2302,2147483647,125651447,1.47E+18,Bristol,"Clifton Down",51.4638321,-2.6171964,"Entire home/apt",67
2303,2147483647,125651447,1.47E+18,Bristol,Clifton,51.4623405,-2.6173904,"Entire home/apt",67
2304,2147483647,125651447,1.47E+18,Bristol,Clifton,51.4631801,-2.6178415,"Entire home/apt",67
2305,2147483647,125651447,1.47E+18,Bristol,Clifton,51.4620677,-2.6171629,"Entire home/apt",67
2306,2147483647,441552496,1.47E+18,Bristol,"Lawrence Hill",51.4547963,-2.5772665,"Entire home/apt",5
2307,2147483647,566680279,1.47E+18,Bristol,"Hengrove & Whitchurch Park",51.4225237,-2.5711512,"Entire home/apt",1
2308,2147483647,71345033,1.47E+18,Bristol,"St George Central",51.4631091,-2.5321604,"Entire home/apt",1
2309,2147483647,720817557,1.52E+18,Bristol,Lockleaze,51.4966362,-2.5696036,"Entire home/apt",1
2310,2147483647,750143361,1.64E+18,Bristol,Central,51.4525991,-2.5994010,"Entire home/apt",4
2311,2147483647,210106626,1.47E+18,Bristol,"St George Troopers Hill",51.4497200,-2.5235500,"Entire home/apt",1
2312,2147483647,8936858,1.46E+18,Bristol,Redland,51.4775100,-2.5945400,"Entire home/apt",1
2313,2147483647,519588215,1.47E+18,Bristol,Southville,51.4444934,-2.5939030,"Entire home/apt",1
2314,2147483647,570161107,1.47E+18,Bristol,Bedminster,51.4359200,-2.6070000,"Entire home/apt",3
2315,2147483647,592513565,1.47E+18,Bristol,Clifton,51.4501792,-2.6214326,"Entire home/apt",1
2316,2147483647,240203135,1.47E+18,Bristol,"Westbury-on-Trym & Henleaze",51.4790077,-2.6083927,"Entire home/apt",1
2317,2147483647,15390222,1.46E+18,Bristol,"Clifton Down",51.4662011,-2.6086628,"Entire home/apt",1
2318,2147483647,58372858,1.47E+18,Bristol,Bishopsworth,51.4226300,-2.6296000,"Entire home/apt",1
2319,2147483647,35690662,1.47E+18,Bristol,Ashley,51.4683000,-2.5893700,"Entire home/apt",1
2320,2147483647,27648878,1.47E+18,Bristol,"Westbury-on-Trym & Henleaze",51.4841653,-2.6145560,"Entire home/apt",1
2321,2147483647,452666032,1.47E+18,Bristol,Clifton,51.4549357,-2.6150138,"Entire home/apt",22
2322,2147483647,452666032,1.47E+18,Bristol,"Windmill Hill",51.4419769,-2.5746232,"Entire home/apt",22
2323,2147483647,452666032,1.47E+18,Bristol,Ashley,51.4638143,-2.5846328,"Entire home/apt",22
2324,2147483647,236481623,1.47E+18,Bristol,"Hotwells & Harbourside",51.4520823,-2.6038590,"Entire home/apt",48
2325,2147483647,236481623,1.47E+18,Bristol,"Hotwells & Harbourside",51.4520823,-2.6038590,"Entire home/apt",48
2326,2147483647,236481623,1.47E+18,Bristol,"Hotwells & Harbourside",51.4518817,-2.6038375,"Entire home/apt",48
2327,2147483647,236481623,1.47E+18,Bristol,"Hotwells & Harbourside",51.4530645,-2.6041417,"Entire home/apt",48
2328,2147483647,236481623,1.47E+18,Bristol,"Hotwells & Harbourside",51.4520823,-2.6038590,"Entire home/apt",48
2329,2147483647,236481623,1.47E+18,Bristol,"Hotwells & Harbourside",51.4520823,-2.6038590,"Entire home/apt",48
2330,2147483647,236481623,1.47E+18,Bristol,"Hotwells & Harbourside",51.4513941,-2.6042260,"Entire home/apt",48
2331,2147483647,74417987,1.47E+18,Bristol,Bedminster,51.4349477,-2.6049802,"Entire home/apt",1
2332,2147483647,20281506,1.46E+18,Bristol,"Windmill Hill",51.4393605,-2.5831822,"Entire home/apt",1
2333,2147483647,348900066,1.47E+18,Bristol,"Henbury & Brentry",51.5047357,-2.6169351,"Private room",2
2334,2147483647,348900066,1.47E+18,Bristol,"Henbury & Brentry",51.5042284,-2.6170518,"Private room",2
2335,2147483647,592490399,1.47E+18,Bristol,Eastville,51.4751300,-2.5468400,"Entire home/apt",9
2336,2147483647,701394303,1.47E+18,Bristol,"Henbury & Brentry",51.5130800,-2.6019400,"Entire home/apt",1
2337,2147483647,7347447,1.46E+18,Bristol,"Windmill Hill",51.4371475,-2.5907492,"Entire home/apt",1
2338,2147483647,145380939,1.47E+18,Bristol,Bedminster,51.4320000,-2.6243000,"Private room",1
2339,2147483647,461208297,1.47E+18,Bristol,Clifton,51.4552100,-2.6208800,"Entire home/apt",1
2340,2147483647,19577150,1.46E+18,Bristol,Cotham,51.4618678,-2.5977006,"Private room",1
2341,2147483647,149986381,1.46E+18,Bristol,"Avonmouth & Lawrence Weston",51.4966300,-2.6582000,"Entire home/apt",1
2342,2147483647,519945528,1.47E+18,Bristol,Southville,51.4424900,-2.5931900,"Entire home/apt",14
2343,2147483647,519945528,1.47E+18,Bristol,Southville,51.4426200,-2.5918100,"Entire home/apt",14
2344,2147483647,476676121,1.47E+18,Bristol,Bedminster,51.4349327,-2.6277310,"Entire home/apt",1
2345,2147483647,124439043,1.49E+18,Bristol,"Windmill Hill",51.4376504,-2.5792243,"Entire home/apt",1
2346,2147483647,514801408,1.47E+18,Bristol,Cotham,51.4652600,-2.5911800,"Private room",1
2347,2147483647,23494668,1.47E+18,Bristol,Hillfields,51.4747902,-2.5251146,"Private room",1
2348,2147483647,87223756,1.66E+18,Bristol,"Avonmouth & Lawrence Weston",51.4943011,-2.6669563,"Private room",1
2349,2147483647,200333044,1.47E+18,Bristol,Cotham,51.4694301,-2.6057059,"Private room",1
2350,2147483647,369624884,1.47E+18,Bristol,Central,51.4567100,-2.5939700,"Private room",9
2351,2147483647,155788591,1.47E+18,Bristol,"Windmill Hill",51.4369500,-2.5931400,"Private room",1
2352,2147483647,94932114,1.47E+18,Bristol,Hillfields,51.4770315,-2.5214699,"Entire home/apt",1
2353,2147483647,21994419,1.46E+18,Bristol,Redland,51.4793100,-2.5913700,"Entire home/apt",1
2354,2147483647,5773576,1.55E+18,Bristol,Lockleaze,51.4870400,-2.5676000,"Entire home/apt",1
2355,2147483647,44734831,1.46E+18,Bristol,Clifton,51.4600000,-2.6162700,"Private room",3
2356,2147483647,40148347,1.46E+18,Bristol,"Lawrence Hill",51.4566100,-2.5674700,"Private room",2
2357,2147483647,350115125,1.52E+18,Bristol,"Westbury-on-Trym & Henleaze",51.4893350,-2.6027342,"Private room",1
2358,2147483647,49441052,1.47E+18,Bristol,"Clifton Down",51.4661541,-2.6093233,"Private room",1
2359,2147483647,223227698,1.47E+18,Bristol,"Hengrove & Whitchurch Park",51.4201600,-2.5748400,"Private room",1
2360,2147483647,478850941,1.46E+18,Bristol,Ashley,51.4682400,-2.5773600,"Private room",1
2361,2147483647,593359528,1.47E+18,Bristol,Horfield,51.4947600,-2.5750800,"Private room",8
2362,2147483647,57612220,1.47E+18,Bristol,Lockleaze,51.4811400,-2.5749600,"Private room",2
2363,2147483647,653924266,1.53E+18,Bristol,Hillfields,51.4744170,-2.5346062,"Private room",1
2364,2147483647,734764397,1.58E+18,Bristol,"Hartcliffe & Withywood",51.4098600,-2.5999900,"Private room",2
2365,2147483647,16348228,1.46E+18,Bristol,Southville,51.4411600,-2.6137300,"Private room",1
2366,2147483647,721468141,1.52E+18,Bristol,Bishopsworth,51.4257400,-2.6151200,"Entire home/apt",1
2367,2147483647,496079600,1.47E+18,Bristol,Central,51.4489131,-2.5942367,"Private room",1
2368,2147483647,51686051,1.47E+18,Bristol,"Clifton Down",51.4688700,-2.6164500,"Entire home/apt",27
2369,2147483647,43584934,1.47E+18,Bristol,"St George West",51.4593685,-2.5443756,"Private room",1
2370,2147483647,164934575,1.47E+18,Bristol,Central,51.4546300,-2.5951000,"Entire home/apt",17
2371,2147483647,5567174,1.46E+18,Bristol,"St George Central",51.4630646,-2.5236117,"Private room",11
2372,2147483647,452666032,1.47E+18,Bristol,Ashley,51.4614379,-2.5851434,"Entire home/apt",22
2373,2147483647,150614117,1.62E+18,Bristol,"Avonmouth & Lawrence Weston",51.5012400,-2.6969000,"Private room",1
2374,2147483647,40320586,1.47E+18,Bristol,"Windmill Hill",51.4387400,-2.5740000,"Private room",1
2375,2147483647,46202388,1.47E+18,Bristol,Cotham,51.4647006,-2.6016836,"Private room",3
2376,2147483647,46202388,1.47E+18,Bristol,Cotham,51.4642000,-2.6007100,"Private room",3
2377,2147483647,41656696,1.47E+18,Bristol,Eastville,51.4682800,-2.5329500,"Private room",1
2378,2147483647,46202388,1.47E+18,Bristol,Cotham,51.4646070,-2.6019033,"Private room",3
2379,2147483647,160446572,1.46E+18,Bristol,"St George Central",51.4606857,-2.5226602,"Private room",1
2380,2147483647,57288596,1.47E+18,Bristol,"St George Troopers Hill",51.4541800,-2.5373600,"Private room",1
2381,2147483647,164934575,1.47E+18,Bristol,Central,51.4529400,-2.5950100,"Entire home/apt",17
2382,2147483647,4954930,1.46E+18,Bristol,Ashley,51.4681900,-2.5869400,"Entire home/apt",1
2383,2147483647,16255379,1.46E+18,Bristol,"Henbury & Brentry",51.5045700,-2.6221200,"Entire home/apt",1
2384,2147483647,404522308,1.59E+18,Bristol,Eastville,51.4707000,-2.5293200,"Entire home/apt",1
2385,2147483647,16895777,1.53E+18,Bristol,"Brislington East",51.4403000,-2.5392400,"Entire home/apt",1
2386,2147483647,54929153,1.47E+18,Bristol,Hillfields,51.4711330,-2.5158223,"Entire home/apt",1
2387,2147483647,65192629,1.46E+18,Bristol,Southville,51.4445825,-2.6094786,"Entire home/apt",141
2388,2147483647,65192629,1.46E+18,Bristol,"Lawrence Hill",51.4568807,-2.5816885,"Entire home/apt",141
2389,2147483647,236481623,1.47E+18,Bristol,Redland,51.4709700,-2.5990600,"Entire home/apt",48
2390,2147483647,236481623,1.47E+18,Bristol,Redland,51.4696722,-2.5989027,"Entire home/apt",48
2391,2147483647,236481623,1.47E+18,Bristol,"Clifton Down",51.4675100,-2.6109900,"Entire home/apt",48
2392,2147483647,13990392,1.46E+18,Bristol,Cotham,51.4643700,-2.6041100,"Entire home/apt",1
2393,2147483647,302927678,1.47E+18,Bristol,"Clifton Down",51.4662000,-2.6081800,"Entire home/apt",3
2394,2147483647,35303939,1.47E+18,Bristol,"Clifton Down",51.4637611,-2.6072137,"Entire home/apt",2
2395,2147483647,441552496,1.47E+18,Bristol,Cotham,51.4672081,-2.6042948,"Entire home/apt",5
2396,2147483647,101490416,1.46E+18,Bristol,Redland,51.4725000,-2.6096500,"Entire home/apt",1
2397,2147483647,703625067,1.47E+18,Bristol,Cotham,51.4639542,-2.6022658,"Entire home/apt",16
2398,2147483647,125651447,1.47E+18,Bristol,"Clifton Down",51.4681000,-2.6131500,"Entire home/apt",67
2399,2147483647,593743891,1.47E+18,Bristol,Cotham,51.4707000,-2.6083400,"Entire home/apt",1
2400,2147483647,236481623,1.47E+18,Bristol,"Clifton Down",51.4691200,-2.6101000,"Entire home/apt",48
2401,2147483647,236481623,1.47E+18,Bristol,"Clifton Down",51.4680700,-2.6110500,"Entire home/apt",48
2402,2147483647,236481623,1.47E+18,Bristol,"Clifton Down",51.4686100,-2.6094200,"Entire home/apt",48
2403,2147483647,236481623,1.47E+18,Bristol,"Clifton Down",51.4681200,-2.6104600,"Entire home/apt",48
2404,2147483647,236481623,1.47E+18,Bristol,"Clifton Down",51.4694700,-2.6096100,"Entire home/apt",48
2405,2147483647,236481623,1.47E+18,Bristol,"Clifton Down",51.4673300,-2.6098700,"Entire home/apt",48
2406,2147483647,236481623,1.47E+18,Bristol,"Clifton Down",51.4671800,-2.6097700,"Entire home/apt",48
2407,2147483647,236481623,1.47E+18,Bristol,"Clifton Down",51.4695744,-2.6110923,"Entire home/apt",48
2408,2147483647,236481623,1.47E+18,Bristol,"Clifton Down",51.4688800,-2.6110900,"Entire home/apt",48
2409,2147483647,59638448,1.47E+18,Bristol,Redland,51.4748571,-2.6063280,"Entire home/apt",1
2410,2147483647,145484295,1.46E+18,Bristol,Central,51.4577600,-2.6085100,"Entire home/apt",22
2411,2147483647,145484295,1.46E+18,Bristol,"Clifton Down",51.4578000,-2.6098700,"Entire home/apt",22
2412,2147483647,550039518,1.47E+18,Bristol,"Windmill Hill",51.4362196,-2.5922562,"Entire home/apt",1
2413,2147483647,439525488,1.47E+18,Bristol,Cotham,51.4649872,-2.5956163,"Entire home/apt",31
2414,2147483647,507661050,1.47E+18,Bristol,"Windmill Hill",51.4339800,-2.5975600,"Entire home/apt",2
2415,2147483647,74829636,1.46E+18,Bristol,Southmead,51.4986991,-2.5995827,"Entire home/apt",2
2416,2147483647,144552279,1.46E+18,Bristol,Southmead,51.5074200,-2.5913100,"Entire home/apt",1
2417,2147483647,353109519,1.46E+18,Bristol,Filwood,51.4238800,-2.5773400,"Entire home/apt",2
2418,2147483647,713047310,1.49E+18,Bristol,"Hotwells & Harbourside",51.4480800,-2.6205200,"Entire home/apt",1
2419,2147483647,551815889,1.47E+18,Bristol,"Brislington West",51.4391400,-2.5556900,"Entire home/apt",1
2420,2147483647,16630323,1.46E+18,Bristol,"Westbury-on-Trym & Henleaze",51.4852200,-2.6025500,"Entire home/apt",22
2421,2147483647,338576573,1.47E+18,Bristol,Hillfields,51.4733774,-2.5358858,"Private room",8
2422,2147483647,338576573,1.47E+18,Bristol,Hillfields,51.4733774,-2.5358858,"Private room",8
2423,2147483647,338576573,1.47E+18,Bristol,Hillfields,51.4733774,-2.5358858,"Private room",8
2424,2147483647,338576573,1.47E+18,Bristol,Hillfields,51.4733774,-2.5358858,"Private room",8
2425,2147483647,338576573,1.47E+18,Bristol,Hillfields,51.4733774,-2.5358858,"Private room",8
2426,2147483647,338576573,1.47E+18,Bristol,Hillfields,51.4733774,-2.5358858,"Private room",8
2427,2147483647,338576573,1.47E+18,Bristol,Hillfields,51.4741305,-2.5369304,"Private room",8
2428,2147483647,9173136,1.46E+18,Bristol,"Frome Vale",51.4874500,-2.5423300,"Entire home/apt",1
2429,2147483647,703625067,1.47E+18,Bristol,Southville,51.4462100,-2.6126700,"Entire home/apt",16
2430,2147483647,183459606,1.53E+18,Bristol,Southville,51.4454562,-2.6078020,"Private room",1
2431,2147483647,485882431,1.47E+18,Bristol,"Westbury-on-Trym & Henleaze",51.4921480,-2.6364332,"Private room",6
2432,2147483647,565080470,1.47E+18,Bristol,Southmead,51.4980400,-2.5968500,"Private room",3
2433,2147483647,485882431,1.47E+18,Bristol,"Westbury-on-Trym & Henleaze",51.4942182,-2.6357825,"Private room",6
2434,2147483647,565080470,1.47E+18,Bristol,Southmead,51.4995701,-2.5975243,"Private room",3
2435,2147483647,565080470,1.47E+18,Bristol,Horfield,51.4974200,-2.5969900,"Private room",3
2436,2147483647,485882431,1.47E+18,Bristol,"Stoke Bishop",51.4918889,-2.6377747,"Private room",6
2437,2147483647,485882431,1.47E+18,Bristol,"Westbury-on-Trym & Henleaze",51.4926193,-2.6366211,"Private room",6
2438,2147483647,485882431,1.47E+18,Bristol,"Westbury-on-Trym & Henleaze",51.4938500,-2.6362800,"Private room",6
2439,2147483647,485882431,1.47E+18,Bristol,"Westbury-on-Trym & Henleaze",51.4922163,-2.6362594,"Private room",6
2440,2147483647,73198315,1.47E+18,Bristol,"Bishopston & Ashley Down",51.4768900,-2.5803600,"Private room",1
2441,2147483647,541196429,1.47E+18,Bristol,Bedminster,51.4391133,-2.6036424,"Private room",1
2442,2147483647,29529064,1.47E+18,Bristol,Bishopsworth,51.4226200,-2.6146200,"Private room",1
2443,2147483647,694753701,1.47E+18,Bristol,Southmead,51.4982891,-2.5994188,"Private room",5
2444,2147483647,107699021,1.70E+18,Bristol,"St George Central",51.4618300,-2.5187700,"Private room",1
2445,2147483647,11825658,1.46E+18,Bristol,Bedminster,51.4375100,-2.6066500,"Private room",1
2446,2147483647,43063662,1.47E+18,Bristol,Ashley,51.4711600,-2.5897600,"Private room",1
2447,2147483647,320689221,1.47E+18,Bristol,Easton,51.4599143,-2.5595956,"Private room",2
2448,2147483647,320689221,1.47E+18,Bristol,Easton,51.4610816,-2.5592207,"Private room",2
2449,2147483647,488757560,1.54E+18,Bristol,"Brislington West",51.4323964,-2.5497613,"Private room",2
2450,2147483647,134951918,1.47E+18,Bristol,Central,51.4617700,-2.5904900,"Private room",1
2451,2147483647,2727252,1.46E+18,Bristol,"Lawrence Hill",51.4557900,-2.5784700,"Private room",1
2452,2147483647,39018829,1.47E+18,Bristol,Ashley,51.4650400,-2.5887000,"Private room",1
2453,2147483647,46003828,1.47E+18,Bristol,"Lawrence Hill",51.4599343,-2.5778878,"Private room",1
2454,2147483647,27993683,1.47E+18,Bristol,Ashley,51.4739132,-2.5769848,"Private room",2
2455,2147483647,6681449,1.46E+18,Bristol,"St George West",51.4618828,-2.5422183,"Private room",1
2456,2147483647,59379407,1.47E+18,Bristol,"Lawrence Hill",51.4631900,-2.5701500,"Private room",1
2457,2147483647,6042710,1.46E+18,Bristol,Hillfields,51.4731089,-2.5349708,"Private room",1
2458,2147483647,307889647,1.47E+18,Bristol,"Bishopston & Ashley Down",51.4857370,-2.5858923,"Private room",3
2459,2147483647,546978760,1.47E+18,Bristol,"Lawrence Hill",51.4572559,-2.5778207,"Private room",1
2460,2147483647,5335820,1.46E+18,Bristol,Clifton,51.4542200,-2.6108300,"Private room",2
2461,2147483647,128840761,1.47E+18,Bristol,Southville,51.4452156,-2.6138583,"Private room",1
2462,2147483647,141361945,1.47E+18,Bristol,Ashley,51.4643900,-2.5875600,"Private room",1
2463,2147483647,175629521,1.47E+18,Bristol,"Brislington East",51.4412986,-2.5425403,"Private room",1
2464,2147483647,27514477,1.47E+18,Bristol,Easton,51.4659818,-2.5618961,"Private room",1
2465,2147483647,32885609,1.47E+18,Bristol,Southmead,51.4997548,-2.6055038,"Private room",1
2466,2147483647,30890024,1.47E+18,Bristol,Knowle,51.4352942,-2.5794685,"Private room",2
2467,2147483647,83563290,1.47E+18,Bristol,Ashley,51.4607469,-2.5859492,"Private room",1
2468,2147483647,593359528,1.47E+18,Bristol,Horfield,51.4956016,-2.5753515,"Private room",8
2469,2147483647,88320610,1.47E+18,Bristol,Southville,51.4435906,-2.6032197,"Private room",1
2470,2147483647,2711558,1.46E+18,Bristol,Southville,51.4447726,-2.6109752,"Entire home/apt",1
2471,2147483647,725335744,1.71E+18,Bristol,"Brislington East",51.4337752,-2.5462286,"Private room",1
2472,2147483647,76298734,1.47E+18,Bristol,"St George West",51.4576000,-2.5464200,"Entire home/apt",1
2473,2147483647,531415492,1.47E+18,Bristol,Easton,51.4632141,-2.5610411,"Private room",2
2474,2147483647,531415492,1.47E+18,Bristol,Easton,51.4632802,-2.5611468,"Private room",2
2475,2147483647,508854628,1.47E+18,Bristol,"Bishopston & Ashley Down",51.4756100,-2.5791700,"Private room",1
2476,2147483647,192437493,1.47E+18,Bristol,"Brislington East",51.4394538,-2.5509889,"Entire home/apt",1
2477,2147483647,213429784,1.46E+18,Bristol,Ashley,51.4645600,-2.5783400,"Private room",6
2478,2147483647,717438534,1.50E+18,Bristol,Ashley,51.4689000,-2.5787400,"Private room",3
2479,2147483647,703625067,1.47E+18,Bristol,Clifton,51.4589936,-2.6214812,"Entire home/apt",16
2480,2147483647,215640107,1.47E+18,Bristol,Southmead,51.5062436,-2.6085859,"Entire home/apt",2
2481,2147483647,49552186,1.47E+18,Bristol,"Clifton Down",51.4704700,-2.6102500,"Entire home/apt",4
2482,2147483647,49552186,1.47E+18,Bristol,Cotham,51.4701965,-2.6093974,"Entire home/apt",4
2483,2147483647,70031614,1.47E+18,Bristol,Cotham,51.4687000,-2.6063500,"Entire home/apt",1
2484,2147483647,1988232,1.46E+18,Bristol,"Avonmouth & Lawrence Weston",51.4946526,-2.6380232,"Private room",1
2485,2147483647,90043207,1.47E+18,Bristol,Clifton,51.4514900,-2.6114300,"Private room",2
2486,2147483647,35116208,1.46E+18,Bristol,"Frome Vale",51.4845000,-2.5229900,"Entire home/apt",4
2487,2147483647,662780739,1.47E+18,Bristol,Clifton,51.4533900,-2.6221500,"Entire home/apt",1
2488,2147483647,575372789,1.47E+18,Bristol,Clifton,51.4540800,-2.6204600,"Entire home/apt",1
2489,2147483647,20999681,1.46E+18,Bristol,Ashley,51.4724300,-2.5777400,"Entire home/apt",4
2490,2147483647,563404819,1.47E+18,Bristol,Knowle,51.4279428,-2.5773125,"Private room",1
2491,2147483647,17991762,1.46E+18,Bristol,"Bishopston & Ashley Down",51.4786300,-2.5769400,"Private room",1
2492,2147483647,12568355,1.47E+18,Bristol,Clifton,51.4515100,-2.6106600,"Entire home/apt",1
2493,2147483647,701995158,1.47E+18,Bristol,Horfield,51.4932100,-2.5960100,"Entire home/apt",8
2494,2147483647,7104367,1.46E+18,Bristol,Horfield,51.4932800,-2.5863600,"Entire home/apt",1
2495,2147483647,65192629,1.46E+18,Bristol,Horfield,51.4939004,-2.5860781,"Entire home/apt",141
2496,2147483647,48160052,1.47E+18,Bristol,Ashley,51.4707656,-2.5870687,"Entire home/apt",3
2497,2147483647,121649331,1.59E+18,Bristol,"Frome Vale",51.4865793,-2.5182758,"Entire home/apt",1
2498,2147483647,47277863,1.47E+18,Bristol,"Brislington West",51.4374458,-2.5533654,"Entire home/apt",2
2499,2147483647,217550485,1.47E+18,Bristol,"Avonmouth & Lawrence Weston",51.4895110,-2.6774360,"Entire home/apt",7
2500,2147483647,154152507,1.47E+18,Bristol,"Clifton Down",51.4651100,-2.6100200,"Entire home/apt",29
2501,2147483647,154152507,1.47E+18,Bristol,"Clifton Down",51.4669300,-2.6116000,"Entire home/apt",29
2502,2147483647,21471034,1.46E+18,Bristol,Filwood,51.4318421,-2.6016283,"Private room",1
2503,2147483647,23537006,1.47E+18,Bristol,"Brislington East",51.4359900,-2.5472100,"Private room",3
2504,2147483647,65489853,1.47E+18,Bristol,Horfield,51.4924100,-2.5944100,"Private room",5
2505,2147483647,296349887,1.47E+18,Bristol,"Brislington West",51.4447200,-2.5517900,"Private room",1
2506,2147483647,146772505,1.47E+18,Bristol,"Hengrove & Whitchurch Park",51.4214500,-2.5657300,"Private room",1
2507,2147483647,377996394,1.47E+18,Bristol,"St George Troopers Hill",51.4575997,-2.5278384,"Private room",1
2508,2147483647,8560772,1.46E+18,Bristol,Southville,51.4438153,-2.6199431,"Private room",7
2509,2147483647,728327681,1.55E+18,Bristol,Lockleaze,51.4772600,-2.5606500,"Private room",1
2510,2147483647,14649130,1.46E+18,Bristol,Cotham,51.4652300,-2.5978500,"Private room",2
2511,2147483647,25066739,1.46E+18,Bristol,"Avonmouth & Lawrence Weston",51.4945500,-2.6509600,"Private room",4
2512,2147483647,8560772,1.46E+18,Bristol,Southville,51.4435977,-2.6190780,"Shared room",7
2513,2147483647,34635555,1.47E+18,Bristol,Southmead,51.5083643,-2.5970426,"Private room",4
2514,2147483647,211860685,1.47E+18,Bristol,"Brislington West",51.4309900,-2.5508900,"Private room",2
2515,2147483647,434218847,1.47E+18,Bristol,Central,51.4604200,-2.6074800,"Entire home/apt",33
2516,2147483647,65192629,1.46E+18,Bristol,Central,51.4547900,-2.5937100,"Entire home/apt",141
2517,2147483647,65192629,1.46E+18,Bristol,Southmead,51.5005500,-2.5945900,"Entire home/apt",141
2518,2147483647,154152507,1.47E+18,Bristol,"Clifton Down",51.4651600,-2.6111100,"Entire home/apt",29
2519,2147483647,4221490,1.46E+18,Bristol,Central,51.4533306,-2.5948324,"Entire home/apt",4
2520,2147483647,442658320,1.61E+18,Bristol,Ashley,51.4632942,-2.5846167,"Entire home/apt",1
2521,2147483647,692550765,1.47E+18,Bristol,Clifton,51.4551349,-2.6139140,"Entire home/apt",1
2522,2147483647,152788806,1.46E+18,Bristol,Bedminster,51.4372604,-2.6124180,"Entire home/apt",20
2523,2147483647,207210755,1.62E+18,Bristol,Central,51.4546609,-2.5872719,"Entire home/apt",1
2524,2147483647,572558532,1.47E+18,Bristol,"Frome Vale",51.4794721,-2.5264784,"Entire home/apt",4
2525,2147483647,29334528,1.47E+18,Bristol,Eastville,51.4789200,-2.5417300,"Private room",3
2526,2147483647,56069608,1.47E+18,Bristol,"Clifton Down",51.4610108,-2.6114422,"Entire home/apt",2
2527,2147483647,573790103,1.47E+18,Bristol,Cotham,51.4684300,-2.5976500,"Entire home/apt",1
2528,2147483647,217550485,1.47E+18,Bristol,"Clifton Down",51.4618530,-2.6099220,"Entire home/apt",7
2529,2147483647,570161107,1.47E+18,Bristol,Horfield,51.4934000,-2.5885700,"Entire home/apt",3
2530,2147483647,231680421,1.62E+18,Bristol,Horfield,51.4997156,-2.5870299,"Private room",1
2531,2147483647,388281048,1.47E+18,Bristol,Southville,51.4426200,-2.6074800,"Private room",1
2532,2147483647,100799823,1.47E+18,Bristol,Southville,51.4413300,-2.6061600,"Entire home/apt",1
2533,2147483647,452666032,1.47E+18,Bristol,Southville,51.4407571,-2.6090598,"Entire home/apt",22
2534,2147483647,439525488,1.47E+18,Bristol,Bishopsworth,51.4218889,-2.6243937,"Entire home/apt",31
2535,2147483647,18646165,1.46E+18,Bristol,Easton,51.4592115,-2.5568272,"Entire home/apt",1
2536,2147483647,2147483647,1.71E+18,Bristol,Ashley,51.4666759,-2.5804037,"Entire home/apt",1
2537,2147483647,589154778,1.47E+18,Bristol,"Windmill Hill",51.4438211,-2.5799510,"Entire home/apt",1
2538,2147483647,2147483647,1.70E+18,Bristol,Easton,51.4618418,-2.5565434,"Entire home/apt",8
2539,2147483647,104616282,1.47E+18,Bristol,Southville,51.4461207,-2.6093507,"Entire home/apt",1
2540,2147483647,68533555,1.47E+18,Bristol,Ashley,51.4666146,-2.5800612,"Entire home/apt",1
2541,2147483647,506988006,1.47E+18,Bristol,Ashley,51.4719400,-2.5896500,"Entire home/apt",7
2542,2147483647,506988006,1.47E+18,Bristol,Central,51.4564065,-2.5919875,"Entire home/apt",7
2543,2147483647,17142286,1.46E+18,Bristol,Ashley,51.4701646,-2.5860954,"Entire home/apt",1
2544,2147483647,409628630,1.47E+18,Bristol,Southville,51.4437600,-2.6045700,"Entire home/apt",3
2545,2147483647,5335820,1.46E+18,Bristol,Clifton,51.4525500,-2.6100100,"Entire home/apt",2
2546,2147483647,750744995,1.64E+18,Bristol,"Lawrence Hill",51.4569869,-2.5824493,"Entire home/apt",5
2547,2147483647,2147483647,1.70E+18,Bristol,"St George Central",51.4611028,-2.5309271,"Entire home/apt",8
2548,2147483647,489685404,1.47E+18,Bristol,"Lawrence Hill",51.4555000,-2.5789400,"Entire home/apt",20
2549,2147483647,489685404,1.47E+18,Bristol,"Lawrence Hill",51.4577500,-2.5797400,"Entire home/apt",20
2550,2147483647,38884659,1.51E+18,Bristol,Bedminster,51.4346782,-2.6080927,"Entire home/apt",1
2551,2147483647,46399716,1.46E+18,Bristol,"Avonmouth & Lawrence Weston",51.4829549,-2.6797720,"Entire home/apt",14
2552,2147483647,14105873,1.59E+18,Bristol,Ashley,51.4718211,-2.5899579,"Entire home/apt",1
2553,2147483647,563585749,1.47E+18,Bristol,"Brislington East",51.4499800,-2.5397600,"Entire home/apt",1
2554,2147483647,101103006,1.47E+18,Bristol,"Windmill Hill",51.4379322,-2.5913644,"Entire home/apt",1
2555,2147483647,15997856,1.46E+18,Bristol,Clifton,51.4505800,-2.6125700,"Entire home/apt",1
2556,2147483647,51686051,1.47E+18,Bristol,"Avonmouth & Lawrence Weston",51.5011100,-2.6592900,"Entire home/apt",27
2557,2147483647,506988006,1.47E+18,Bristol,Ashley,51.4718800,-2.5915900,"Entire home/apt",7
2558,2147483647,46399716,1.46E+18,Bristol,Lockleaze,51.4763995,-2.5604257,"Entire home/apt",14
2559,2147483647,519751936,1.47E+18,Bristol,Lockleaze,51.4807526,-2.5743821,"Entire home/apt",8
2560,2147483647,519751936,1.47E+18,Bristol,Southmead,51.4946806,-2.6085495,"Entire home/apt",8
2561,2147483647,369624884,1.47E+18,Bristol,Central,51.4571400,-2.5943500,"Entire home/apt",9
2562,2147483647,519945528,1.47E+18,Bristol,Southville,51.4423312,-2.5919070,"Entire home/apt",14
2563,2147483647,497867700,1.47E+18,Bristol,"Frome Vale",51.4830400,-2.5382406,"Entire home/apt",2
2564,2147483647,46399716,1.46E+18,Bristol,Easton,51.4670742,-2.5579522,"Entire home/apt",14
2565,2147483647,486782,1.46E+18,Bristol,Eastville,51.4797477,-2.5409929,"Entire home/apt",1
2566,2147483647,489361364,1.47E+18,Bristol,"Clifton Down",51.4703830,-2.6162254,"Entire home/apt",1
2567,2147483647,140815402,1.47E+18,Bristol,Ashley,51.4694537,-2.5896412,"Entire home/apt",2
2568,2147483647,80279739,1.47E+18,Bristol,Ashley,51.4722522,-2.5812613,"Entire home/apt",1
2569,2147483647,89635640,1.47E+18,Bristol,"Westbury-on-Trym & Henleaze",51.4899300,-2.6166000,"Entire home/apt",1
2570,2147483647,529719340,1.47E+18,Bristol,Eastville,51.4744400,-2.5460700,"Entire home/apt",34
2571,2147483647,1753958,1.46E+18,Bristol,Cotham,51.4617906,-2.6005702,"Private room",1
2572,2147483647,30654124,1.47E+18,Bristol,"Bishopston & Ashley Down",51.4813233,-2.5861816,"Entire home/apt",1
2573,2147483647,41717704,1.56E+18,Bristol,"Lawrence Hill",51.4643356,-2.5645486,"Private room",3
2574,2147483647,41717704,1.56E+18,Bristol,"Lawrence Hill",51.4623906,-2.5638647,"Private room",3
2575,2147483647,20076218,1.46E+18,Bristol,Easton,51.4610425,-2.5559950,"Private room",1
2576,2147483647,4108687,1.46E+18,Bristol,"Clifton Down",51.4669644,-2.6117400,"Private room",1
2577,2147483647,395582485,1.47E+18,Bristol,"Stoke Bishop",51.4811900,-2.6409200,"Private room",2
2578,2147483647,314174485,1.47E+18,Bristol,Central,51.4512100,-2.5894800,"Private room",3
2579,2147483647,722858248,1.53E+18,Bristol,"Bishopston & Ashley Down",51.4843440,-2.5862693,"Entire home/apt",6
2580,2147483647,36526381,1.47E+18,Bristol,Redland,51.4785400,-2.6018100,"Entire home/apt",1
2581,2147483647,1015790,1.46E+18,Bristol,"Westbury-on-Trym & Henleaze",51.4876086,-2.6312527,"Entire home/apt",1
2582,2147483647,42277755,1.47E+18,Bristol,"Bishopston & Ashley Down",51.4759200,-2.5891000,"Entire home/apt",2
2583,2147483647,45840106,1.47E+18,Bristol,Cotham,51.4723995,-2.6103882,"Entire home/apt",1
2584,2147483647,9239915,1.46E+18,Bristol,Cotham,51.4636462,-2.5924012,"Entire home/apt",1
2585,2147483647,65192629,1.46E+18,Bristol,"Bishopston & Ashley Down",51.4796700,-2.5864600,"Entire home/apt",141
2586,2147483647,268392218,1.47E+18,Bristol,"Windmill Hill",51.4389694,-2.5894679,"Entire home/apt",1
2587,2147483647,432990458,1.47E+18,Bristol,Redland,51.4703068,-2.6047272,"Entire home/apt",1
2588,2147483647,581277243,1.46E+18,Bristol,"Hotwells & Harbourside",51.4515800,-2.6004300,"Entire home/apt",5
2589,2147483647,686045911,1.47E+18,Bristol,Ashley,51.4701259,-2.5752757,"Entire home/apt",1
2590,2147483647,221149947,1.47E+18,Bristol,"Windmill Hill",51.4413613,-2.5813399,"Private room",1
2591,2147483647,554463097,1.47E+18,Bristol,"Frome Vale",51.4881200,-2.5213400,"Entire home/apt",1
2592,2147483647,51686051,1.47E+18,Bristol,Southmead,51.5088400,-2.5928500,"Entire home/apt",27
2593,2147483647,38572753,1.60E+18,Bristol,"Clifton Down",51.4650699,-2.6065301,"Entire home/apt",1
2594,2147483647,452666032,1.47E+18,Bristol,Southmead,51.4977700,-2.5974606,"Entire home/apt",22
2595,2147483647,572024647,1.47E+18,Bristol,"Frome Vale",51.4817055,-2.5281121,"Entire home/apt",2
2596,2147483647,721471391,1.52E+18,Bristol,Bedminster,51.4373256,-2.6142781,"Entire home/apt",1
2597,2147483647,414642375,1.47E+18,Bristol,Ashley,51.4667700,-2.5856000,"Private room",1
2598,2147483647,575725190,1.47E+18,Bristol,"Windmill Hill",51.4440497,-2.5803703,"Entire home/apt",1
2599,2147483647,211573889,1.57E+18,Bristol,Horfield,51.4951747,-2.5941435,"Private room",2
2600,2147483647,472556140,1.47E+18,Bristol,Ashley,51.4676111,-2.5843815,"Private room",1
2601,2147483647,37660382,1.47E+18,Bristol,Ashley,51.4661401,-2.5864894,"Private room",1
2602,2147483647,111754032,1.46E+18,Bristol,Ashley,51.4653564,-2.5887146,"Private room",3
2603,2147483647,18807177,1.46E+18,Bristol,Bedminster,51.4318400,-2.6131900,"Private room",1
2604,2147483647,566656624,1.47E+18,Bristol,Southmead,51.5034193,-2.5921740,"Private room",2
2605,2147483647,132733438,1.47E+18,Bristol,Southmead,51.5029600,-2.5932100,"Private room",2
2606,2147483647,41717704,1.56E+18,Bristol,"Lawrence Hill",51.4633660,-2.5659140,"Private room",3
2607,2147483647,28520687,1.47E+18,Bristol,Lockleaze,51.4841300,-2.5787400,"Private room",2
2608,2147483647,65192629,1.46E+18,Bristol,"Bishopston & Ashley Down",51.4777707,-2.5872087,"Entire home/apt",141
2609,2147483647,65192629,1.46E+18,Bristol,Ashley,51.4713620,-2.5791789,"Entire home/apt",141
2610,2147483647,61220253,1.47E+18,Bristol,Ashley,51.4667300,-2.5770100,"Entire home/apt",1
2611,2147483647,22204671,1.46E+18,Bristol,Bishopsworth,51.4306500,-2.6137600,"Entire home/apt",1
2612,2147483647,140815402,1.47E+18,Bristol,Ashley,51.4694537,-2.5896412,"Private room",2
2613,2147483647,12863433,1.46E+18,Bristol,"Clifton Down",51.4627005,-2.6076272,"Entire home/apt",1
2614,2147483647,37611118,1.47E+18,Bristol,Bedminster,51.4397500,-2.6030800,"Private room",1
2615,2147483647,570883168,1.47E+18,Bristol,"Clifton Down",51.4657770,-2.6136730,"Entire home/apt",1
2616,2147483647,184357831,1.47E+18,Bristol,Ashley,51.4735200,-2.5772500,"Entire home/apt",1
2617,2147483647,580522863,1.47E+18,Bristol,Southmead,51.4929600,-2.6053000,"Private room",2
2618,2147483647,580522863,1.47E+18,Bristol,Southmead,51.4930568,-2.6051830,"Private room",2
2619,2147483647,572024647,1.47E+18,Bristol,"Frome Vale",51.4816727,-2.5280980,"Entire home/apt",2
2620,2147483647,76074723,1.47E+18,Bristol,"St George West",51.4613986,-2.5524523,"Entire home/apt",13
2621,2147483647,65192629,1.46E+18,Bristol,Central,51.4540796,-2.5925508,"Entire home/apt",141
2622,2147483647,213429784,1.46E+18,Bristol,Ashley,51.4633960,-2.5788820,"Private room",6
2623,2147483647,65192629,1.46E+18,Bristol,Central,51.4504000,-2.5884700,"Entire home/apt",141
2624,2147483647,591375474,1.47E+18,Bristol,Central,51.4507570,-2.5962330,"Private room",12
2625,2147483647,591375474,1.47E+18,Bristol,Central,51.4506181,-2.5962506,"Private room",12
2626,2147483647,76608662,1.47E+18,Bristol,Clifton,51.4560309,-2.6157175,"Entire home/apt",1
2627,2147483647,512379268,1.47E+18,Bristol,"St George West",51.4648700,-2.5440400,"Private room",1
2628,2147483647,6534704,1.46E+18,Bristol,"Lawrence Hill",51.4577330,-2.5834960,"Entire home/apt",1
2629,2147483647,16630323,1.46E+18,Bristol,Stockwood,51.4186300,-2.5412300,"Entire home/apt",22
2630,2147483647,456270211,1.47E+18,Bristol,Lockleaze,51.4946891,-2.5569787,"Private room",1
2631,2147483647,431546023,1.46E+18,Bristol,"Clifton Down",51.4625800,-2.6096100,"Entire home/apt",3
2632,2147483647,431546023,1.46E+18,Bristol,"Clifton Down",51.4625800,-2.6096100,"Entire home/apt",3
2633,2147483647,431546023,1.46E+18,Bristol,"Clifton Down",51.4625774,-2.6096133,"Entire home/apt",3
2634,2147483647,2147483647,1.67E+18,Bristol,Ashley,51.4613456,-2.5899763,"Private room",1
2635,2147483647,519945528,1.47E+18,Bristol,"Lawrence Hill",51.4562800,-2.5836500,"Private room",14
2636,2147483647,519945528,1.47E+18,Bristol,Central,51.4563923,-2.5954134,"Private room",14
2637,2147483647,369624884,1.47E+18,Bristol,"Hotwells & Harbourside",51.4514800,-2.5998700,"Entire home/apt",9
2638,2147483647,369624884,1.47E+18,Bristol,Central,51.4585800,-2.5923100,"Entire home/apt",9
2639,2147483647,369624884,1.47E+18,Bristol,Central,51.4534779,-2.5958362,"Entire home/apt",9
2640,2147483647,369624884,1.47E+18,Bristol,Ashley,51.4607704,-2.5865425,"Private room",9
2641,2147483647,662775171,1.47E+18,Bristol,"Lawrence Hill",51.4550100,-2.5810000,"Private room",1
2642,2147483647,519945528,1.47E+18,Bristol,"Lawrence Hill",51.4514900,-2.5743800,"Private room",14
2643,2147483647,692813467,1.47E+18,Bristol,Central,51.4569704,-2.5946867,"Private room",3
2644,2147483647,692813467,1.47E+18,Bristol,Central,51.4579700,-2.5952600,"Entire home/apt",3
2645,2147483647,369624884,1.47E+18,Bristol,Central,51.4597400,-2.5925100,"Private room",9
2646,2147483647,519945528,1.47E+18,Bristol,"Lawrence Hill",51.4501500,-2.5757100,"Entire home/apt",14
2647,2147483647,692813467,1.47E+18,Bristol,Central,51.4569704,-2.5946867,"Entire home/apt",3
2648,2147483647,519945528,1.47E+18,Bristol,"Lawrence Hill",51.4554000,-2.5800900,"Entire home/apt",14
2649,2147483647,523726525,1.47E+18,Bristol,"Lawrence Hill",51.4652600,-2.5712800,"Entire home/apt",4
2650,2147483647,410588887,1.47E+18,Bristol,Central,51.4590227,-2.5856730,"Entire home/apt",17
2651,2147483647,211866205,1.47E+18,Bristol,Bedminster,51.4368963,-2.6169102,"Entire home/apt",1
2652,2147483647,502098780,1.47E+18,Bristol,Clifton,51.4528300,-2.6242200,"Entire home/apt",2
2653,2147483647,678973062,1.47E+18,Bristol,"St George Central",51.4646923,-2.5170046,"Entire home/apt",1
2655,2147483647,338276603,1.47E+18,Bristol,"Brislington West",51.4408754,-2.5557908,"Entire home/apt",2
2654,2147483647,338276603,1.47E+18,Bristol,"Brislington West",51.4408754,-2.5557908,"Entire home/apt",2
2656,2147483647,750744995,1.64E+18,Bristol,Ashley,51.4598500,-2.5892100,"Entire home/apt",5
2657,2147483647,65192629,1.46E+18,Bristol,Central,51.4510886,-2.5934318,"Entire home/apt",141
2658,2147483647,65192629,1.46E+18,Bristol,Central,51.4510886,-2.5934318,"Entire home/apt",141
2659,2147483647,65192629,1.46E+18,Bristol,Central,51.4510886,-2.5934318,"Entire home/apt",141
2660,2147483647,65192629,1.46E+18,Bristol,Central,51.4510886,-2.5934318,"Entire home/apt",141
2661,2147483647,65192629,1.46E+18,Bristol,Central,51.4510886,-2.5934318,"Entire home/apt",141
2662,2147483647,65192629,1.46E+18,Bristol,Central,51.4510886,-2.5934318,"Entire home/apt",141
2663,2147483647,65192629,1.46E+18,Bristol,Central,51.4510886,-2.5934318,"Entire home/apt",141
2664,2147483647,65192629,1.46E+18,Bristol,Central,51.4510886,-2.5934318,"Entire home/apt",141
2665,2147483647,65192629,1.46E+18,Bristol,Central,51.4510886,-2.5934318,"Entire home/apt",141
2666,2147483647,65192629,1.46E+18,Bristol,Central,51.4510886,-2.5934318,"Entire home/apt",141
2667,2147483647,65192629,1.46E+18,Bristol,"Clifton Down",51.4576691,-2.6090719,"Entire home/apt",141
2668,2147483647,65192629,1.46E+18,Bristol,"Bishopston & Ashley Down",51.4786739,-2.5873357,"Entire home/apt",141
2669,2147483647,750744995,1.64E+18,Bristol,"Lawrence Hill",51.4560717,-2.5818309,"Entire home/apt",5
2670,2147483647,111754032,1.46E+18,Bristol,Ashley,51.4681781,-2.5718383,"Entire home/apt",3
2671,2147483647,593359528,1.47E+18,Bristol,Horfield,51.4956016,-2.5753515,"Private room",8
2672,2147483647,166781700,1.47E+18,Bristol,Cotham,51.4642100,-2.5907000,"Entire home/apt",4
2673,2147483647,25959633,1.47E+18,Bristol,Central,51.4615600,-2.5941200,"Entire home/apt",1
2674,2147483647,127495222,1.47E+18,Bristol,Southville,51.4421200,-2.6119900,"Entire home/apt",1
2675,2147483647,392947179,1.47E+18,Bristol,"Bishopston & Ashley Down",51.4771700,-2.5814400,"Entire home/apt",1
2676,2147483647,51686051,1.47E+18,Bristol,"Stoke Bishop",51.4720100,-2.6354600,"Entire home/apt",27
2677,2147483647,152788806,1.46E+18,Bristol,"St George Troopers Hill",51.4544711,-2.5356082,"Entire home/apt",20
2678,2147483647,713251261,1.49E+18,Bristol,Central,51.4553800,-2.6002200,"Entire home/apt",1
2679,2147483647,702399835,1.47E+18,Bristol,"Clifton Down",51.4585267,-2.6129975,"Entire home/apt",2
2680,2147483647,57794193,1.47E+18,Bristol,"Westbury-on-Trym & Henleaze",51.4919380,-2.6221463,"Entire home/apt",1
2681,2147483647,701995158,1.47E+18,Bristol,"Brislington West",51.4374458,-2.5533653,"Entire home/apt",8
2682,2147483647,82810207,1.56E+18,Bristol,Clifton,51.4538329,-2.6119019,"Entire home/apt",2
2683,2147483647,25066739,1.46E+18,Bristol,"Avonmouth & Lawrence Weston",51.4939400,-2.6510000,"Private room",4
2684,2147483647,23213540,1.46E+18,Bristol,"Westbury-on-Trym & Henleaze",51.4950500,-2.6336000,"Private room",3
2685,2147483647,26053604,1.47E+18,Bristol,Ashley,51.4677800,-2.5859300,"Entire home/apt",1
2686,2147483647,50727682,1.60E+18,Bristol,Ashley,51.4742479,-2.5889734,"Private room",1
2687,2147483647,488757560,1.54E+18,Bristol,"Brislington West",51.4329500,-2.5506400,"Entire home/apt",2
2688,2147483647,220586706,1.47E+18,Bristol,"Windmill Hill",51.4405319,-2.5765660,"Entire home/apt",1
2689,2147483647,439525488,1.47E+18,Bristol,"Clifton Down",51.4581964,-2.6125530,"Entire home/apt",31
2690,2147483647,75149680,1.59E+18,Bristol,"Brislington East",51.4527251,-2.5398102,"Entire home/apt",1
2691,2147483647,28820321,1.46E+18,Bristol,Central,51.4556829,-2.5911245,"Entire home/apt",1
2692,2147483647,65192629,1.46E+18,Bristol,"Lawrence Hill",51.4571935,-2.5776720,"Entire home/apt",141
2693,2147483647,3877537,1.46E+18,Bristol,Ashley,51.4614355,-2.5860428,"Entire home/apt",2
2694,2147483647,98820066,1.47E+18,Bristol,Central,51.4555200,-2.5951000,"Entire home/apt",1
2695,2147483647,83443683,1.57E+18,Bristol,Clifton,51.4579814,-2.6187435,"Entire home/apt",1
2696,2147483647,598181783,1.61E+18,Bristol,Ashley,51.4697700,-2.5755300,"Entire home/apt",2
2697,2147483647,422587500,1.60E+18,Bristol,Ashley,51.4661500,-2.5890100,"Entire home/apt",1
2698,2147483647,52336790,1.47E+18,Bristol,"Windmill Hill",51.4401900,-2.5845500,"Entire home/apt",1
2699,2147483647,563410533,1.47E+18,Bristol,Central,51.4514187,-2.5950858,"Entire home/apt",6
2700,2147483647,6305223,1.46E+18,Bristol,"St George West",51.4594864,-2.5533733,"Entire home/apt",1
2701,2147483647,5384773,1.46E+18,Bristol,Cotham,51.4653100,-2.5957500,"Entire home/apt",1
2702,2147483647,2197845,1.54E+18,Bristol,"Windmill Hill",51.4437400,-2.5818900,"Entire home/apt",1
2703,2147483647,158420593,1.67E+18,Bristol,"Henbury & Brentry",51.5053187,-2.6116885,"Entire home/apt",1
2704,2147483647,563410533,1.47E+18,Bristol,"St George Central",51.4623024,-2.5357035,"Entire home/apt",6
2705,2147483647,563410533,1.47E+18,Bristol,"Brislington East",51.4538064,-2.5402540,"Entire home/apt",6
2706,2147483647,563410533,1.47E+18,Bristol,"Brislington East",51.4546100,-2.5429500,"Entire home/apt",6
2707,2147483647,128398107,1.46E+18,Bristol,"Henbury & Brentry",51.5051300,-2.6217600,"Entire home/apt",1
2708,2147483647,727461985,1.55E+18,Bristol,Lockleaze,51.4876400,-2.5666700,"Entire home/apt",1
2709,2147483647,519751936,1.47E+18,Bristol,"Henbury & Brentry",51.5078100,-2.6164100,"Entire home/apt",8
2710,2147483647,239608015,1.46E+18,Bristol,"Frome Vale",51.4834000,-2.5276600,"Entire home/apt",1
2711,2147483647,693294315,1.52E+18,Bristol,Ashley,51.4665423,-2.5856948,"Entire home/apt",1
2712,2147483647,19128769,1.46E+18,Bristol,Ashley,51.4692686,-2.5911517,"Entire home/apt",2
2713,2147483647,88734819,1.47E+18,Bristol,"Bishopston & Ashley Down",51.4785799,-2.5777333,"Entire home/apt",1
2714,2147483647,5410351,1.46E+18,Bristol,Eastville,51.4724100,-2.5485700,"Private room",1
2715,2147483647,164934575,1.47E+18,Bristol,Central,51.4527800,-2.5944000,"Entire home/apt",17
2716,2147483647,4391113,1.46E+18,Bristol,"Hotwells & Harbourside",51.4470700,-2.6084000,"Entire home/apt",1
2717,2147483647,742372741,1.61E+18,Bristol,Clifton,51.4508000,-2.6163500,"Entire home/apt",1
2718,2147483647,12148398,1.46E+18,Bristol,"Hotwells & Harbourside",51.4494700,-2.6218200,"Entire home/apt",2
2719,2147483647,79826129,1.47E+18,Bristol,Central,51.4565823,-2.5864159,"Entire home/apt",2
2720,2147483647,5573150,1.46E+18,Bristol,"Westbury-on-Trym & Henleaze",51.4764020,-2.6104300,"Entire home/apt",1
2722,2147483647,152788806,1.46E+18,Bristol,"St George Troopers Hill",51.4555400,-2.5395200,"Entire home/apt",20
2723,2147483647,375441620,1.61E+18,Bristol,Cotham,51.4658800,-2.5928283,"Entire home/apt",1
2724,2147483647,12148398,1.46E+18,Bristol,"Hotwells & Harbourside",51.4493200,-2.6218600,"Entire home/apt",2
2725,2147483647,152788806,1.46E+18,Bristol,"Lawrence Hill",51.4581520,-2.5771939,"Entire home/apt",20
2726,2147483647,58611418,1.47E+18,Bristol,Ashley,51.4679215,-2.5840529,"Entire home/apt",1
2727,2147483647,6309647,1.63E+18,Bristol,Easton,51.4675633,-2.5581945,"Entire home/apt",1
2728,2147483647,117164704,1.47E+18,Bristol,"Clifton Down",51.4654700,-2.6073200,"Entire home/apt",1
2729,2147483647,742819629,1.61E+18,Bristol,Horfield,51.4927036,-2.5782478,"Entire home/apt",1
2730,2147483647,32699064,1.47E+18,Bristol,"Windmill Hill",51.4413600,-2.5743500,"Entire home/apt",1
2731,2147483647,452666032,1.47E+18,Bristol,Cotham,51.4651430,-2.5904907,"Entire home/apt",22
2732,2147483647,452666032,1.47E+18,Bristol,Clifton,51.4575028,-2.6184684,"Entire home/apt",22
2733,2147483647,41266083,1.47E+18,Bristol,Clifton,51.4562461,-2.6157194,"Entire home/apt",1
2734,2147483647,152416038,1.47E+18,Bristol,Redland,51.4764100,-2.5978900,"Entire home/apt",1
2735,2147483647,366401849,1.47E+18,Bristol,"St George West",51.4639610,-2.5470223,"Private room",2
2736,2147483647,79349558,1.47E+18,Bristol,Easton,51.4576010,-2.5593234,"Private room",1
2737,2147483647,23448363,1.69E+18,Bristol,"Bishopston & Ashley Down",51.4803800,-2.5874800,"Entire home/apt",1
2738,2147483647,447347067,1.47E+18,Bristol,Redland,51.4717900,-2.6020900,"Entire home/apt",1
2739,2147483647,11903959,1.46E+18,Bristol,"Clifton Down",51.4629000,-2.6104200,"Entire home/apt",1
2740,2147483647,68815458,1.47E+18,Bristol,Cotham,51.4642817,-2.5919250,"Entire home/apt",1
2741,2147483647,103087242,1.47E+18,Bristol,Ashley,51.4638813,-2.5893560,"Entire home/apt",1
2742,2147483647,235862154,1.46E+18,Bristol,Bedminster,51.4347910,-2.6121357,"Entire home/apt",1
2743,2147483647,507025304,1.63E+18,Bristol,Cotham,51.4672441,-2.5913796,"Entire home/apt",1
2744,2147483647,28993792,1.47E+18,Bristol,Redland,51.4704500,-2.5964600,"Entire home/apt",1
2745,2147483647,2381,1.46E+18,Bristol,Lockleaze,51.4958000,-2.5691823,"Private room",1
2746,2147483647,592490399,1.47E+18,Bristol,"Hengrove & Whitchurch Park",51.4138000,-2.5606300,"Entire home/apt",9
2747,2147483647,67953343,1.65E+18,Bristol,Bedminster,51.4396916,-2.6071512,"Entire home/apt",1
2748,2147483647,39916547,1.47E+18,Bristol,Easton,51.4662807,-2.5575500,"Entire home/apt",1
2749,2147483647,592490399,1.47E+18,Bristol,"Brislington East",51.4506200,-2.5491800,"Entire home/apt",9
2750,2147483647,654099816,1.47E+18,Bristol,Easton,51.4644235,-2.5604897,"Entire home/apt",1
2751,2147483647,72247284,1.47E+18,Bristol,"Brislington West",51.4370100,-2.5529200,"Entire home/apt",1
2752,2147483647,9551092,1.46E+18,Bristol,"Clifton Down",51.4636300,-2.6106100,"Entire home/apt",1
2753,2147483647,65192629,1.46E+18,Bristol,Clifton,51.4557576,-2.6116035,"Entire home/apt",141
2754,2147483647,152788806,1.46E+18,Bristol,Central,51.4628800,-2.5904600,"Entire home/apt",20
2755,2147483647,51686051,1.47E+18,Bristol,"Stoke Bishop",51.4719100,-2.6347700,"Entire home/apt",27
2756,2147483647,703625067,1.47E+18,Bristol,Southville,51.4447200,-2.6141600,"Entire home/apt",16
2757,2147483647,87099953,1.47E+18,Bristol,Southville,51.4427687,-2.6123353,"Entire home/apt",1
2758,2147483647,51686051,1.47E+18,Bristol,Cotham,51.4647755,-2.6000462,"Entire home/apt",27
2759,2147483647,124659955,1.47E+18,Bristol,Ashley,51.4620500,-2.5853900,"Entire home/apt",3
2760,2147483647,452666032,1.47E+18,Bristol,Cotham,51.4651412,-2.5904748,"Entire home/apt",22
2761,2147483647,37929222,1.61E+18,Bristol,"Avonmouth & Lawrence Weston",51.4989707,-2.6593902,"Entire home/apt",1
2762,2147483647,193452021,1.47E+18,Bristol,Clifton,51.4562000,-2.6216300,"Entire home/apt",1
2763,2147483647,2147483647,1.71E+18,Bristol,Clifton,51.4558700,-2.6106600,"Entire home/apt",2
2764,2147483647,172840958,1.47E+18,Bristol,Bedminster,51.4384644,-2.6073318,"Entire home/apt",1
2765,2147483647,38534875,1.47E+18,Bristol,Southville,51.4440504,-2.6183412,"Entire home/apt",1
2766,2147483647,439525488,1.47E+18,Bristol,Southville,51.4417265,-2.5978257,"Entire home/apt",31
2767,2147483647,701631685,1.47E+18,Bristol,"Clifton Down",51.4622400,-2.6151100,"Entire home/apt",1
2768,2147483647,129701325,1.47E+18,Bristol,Redland,51.4773800,-2.5960000,"Private room",1
2769,2147483647,418776743,1.47E+18,Bristol,Clifton,51.4557200,-2.6112300,"Entire home/apt",1
2770,2147483647,18104596,1.46E+18,Bristol,"Windmill Hill",51.4411400,-2.5794300,"Entire home/apt",1
2771,2147483647,676980874,1.47E+18,Bristol,Southville,51.4445658,-2.5925873,"Entire home/apt",5
2772,2147483647,453156004,1.47E+18,Bristol,Cotham,51.4623570,-2.5968320,"Entire home/apt",1
2773,2147483647,751755936,1.64E+18,Bristol,Knowle,51.4283800,-2.5637100,"Entire home/apt",1
2774,2147483647,529719340,1.47E+18,Bristol,"Hotwells & Harbourside",51.4493332,-2.6189018,"Entire home/apt",34
2775,2147483647,517315626,1.47E+18,Bristol,"Hotwells & Harbourside",51.4497200,-2.6074700,"Entire home/apt",1
2776,2147483647,17511373,1.46E+18,Bristol,Knowle,51.4359386,-2.5678286,"Entire home/apt",3
2777,2147483647,86384052,1.47E+18,Bristol,"St George Central",51.4646500,-2.5269100,"Private room",2
2778,2147483647,104691896,1.47E+18,Bristol,Hillfields,51.4770730,-2.5175039,"Private room",1
2779,2147483647,2147483647,1.68E+18,Bristol,Eastville,51.4710624,-2.5559134,"Entire home/apt",1
2780,2147483647,70502644,1.47E+18,Bristol,"Hotwells & Harbourside",51.4510000,-2.6061100,"Private room",1
2781,2147483647,3551446,1.46E+18,Bristol,"St George West",51.4631700,-2.5454700,"Private room",1
2782,2147483647,407943749,1.47E+18,Bristol,"St George West",51.4596700,-2.5425600,"Private room",1
2783,2147483647,11168521,1.46E+18,Bristol,Clifton,51.4556279,-2.6206594,"Private room",1
2784,2147483647,5982235,1.46E+18,Bristol,"Bishopston & Ashley Down",51.4799600,-2.5798200,"Private room",3
2785,2147483647,422250023,1.47E+18,Bristol,"Brislington West",51.4324100,-2.5498200,"Entire home/apt",1
2786,2147483647,201627852,1.47E+18,Bristol,Ashley,51.4732860,-2.5895710,"Entire home/apt",1
2787,2147483647,26615817,1.70E+18,Bristol,Horfield,51.4937674,-2.5762587,"Entire home/apt",1
2788,2147483647,119508990,1.46E+18,Bristol,Redland,51.4708874,-2.6005186,"Private room",2
2789,2147483647,599758346,1.47E+18,Bristol,Easton,51.4666400,-2.5613200,"Entire home/apt",5
2790,2147483647,599758346,1.47E+18,Bristol,Easton,51.4681312,-2.5610562,"Entire home/apt",5
2791,2147483647,599758346,1.47E+18,Bristol,Easton,51.4669800,-2.5624600,"Entire home/apt",5
2792,2147483647,439525488,1.47E+18,Bristol,Central,51.4526810,-2.5961503,"Entire home/apt",31
2793,2147483647,439525488,1.47E+18,Bristol,"Hotwells & Harbourside",51.4511611,-2.6046885,"Entire home/apt",31
2794,2147483647,693126127,1.47E+18,Bristol,Central,51.4526374,-2.5938922,"Entire home/apt",1
2795,2147483647,277069884,1.47E+18,Bristol,Ashley,51.4607910,-2.5850565,"Private room",2
2796,2147483647,560672372,1.47E+18,Bristol,Bedminster,51.4398417,-2.6076674,"Entire home/apt",2
2797,2147483647,6410293,1.46E+18,Bristol,Easton,51.4631100,-2.5582700,"Private room",2
2798,2147483647,366401849,1.47E+18,Bristol,"St George West",51.4639600,-2.5470200,"Private room",2
2799,2147483647,26513972,1.47E+18,Bristol,Ashley,51.4695400,-2.5729410,"Entire home/apt",1
2800,2147483647,51686051,1.47E+18,Bristol,Cotham,51.4683574,-2.6048383,"Entire home/apt",27
2801,2147483647,519962441,1.47E+18,Bristol,"Bishopston & Ashley Down",51.4813900,-2.5874700,"Entire home/apt",1
2802,2147483647,423105252,1.47E+18,Bristol,"Avonmouth & Lawrence Weston",51.4957541,-2.6692184,"Entire home/apt",5
2803,2147483647,442673431,1.66E+18,Bristol,"Bishopston & Ashley Down",51.4797800,-2.5804200,"Entire home/apt",1
2804,2147483647,726513,1.46E+18,Bristol,"Clifton Down",51.4653800,-2.6148900,"Private room",1
2805,2147483647,182900839,1.46E+18,Bristol,Southmead,51.4968900,-2.6006000,"Entire home/apt",1
2806,2147483647,7804632,1.46E+18,Bristol,"St George Central",51.4625936,-2.5129900,"Private room",1
2807,2147483647,65192629,1.46E+18,Bristol,Central,51.4553478,-2.5937886,"Entire home/apt",141
2808,2147483647,154152507,1.47E+18,Bristol,"Windmill Hill",51.4436800,-2.5789600,"Entire home/apt",29
2809,2147483647,208802197,1.47E+18,Bristol,"St George Troopers Hill",51.4524356,-2.5279116,"Entire home/apt",1
2810,2147483647,705604959,1.47E+18,Bristol,Eastville,51.4756900,-2.5410600,"Entire home/apt",1
2811,2147483647,372406883,1.47E+18,Bristol,Lockleaze,51.4843300,-2.5774000,"Private room",1
2812,2147483647,179621598,1.47E+18,Bristol,Knowle,51.4357500,-2.5684600,"Entire home/apt",1
2813,2147483647,266914665,1.47E+18,Bristol,"Hengrove & Whitchurch Park",51.4252807,-2.5634069,"Entire home/apt",1
2814,2147483647,217550485,1.47E+18,Bristol,"Stoke Bishop",51.4718940,-2.6355340,"Entire home/apt",7
2815,2147483647,50706651,1.47E+18,Bristol,"Westbury-on-Trym & Henleaze",51.4777491,-2.6085382,"Entire home/apt",6
2816,2147483647,16630323,1.46E+18,Bristol,"Hotwells & Harbourside",51.4511200,-2.6066500,"Entire home/apt",22
2817,2147483647,236481623,1.47E+18,Bristol,"St George West",51.4601165,-2.5453366,"Entire home/apt",48
2818,2147483647,703625067,1.47E+18,Bristol,Cotham,51.4669300,-2.6051700,"Entire home/apt",16
2819,2147483647,703625067,1.47E+18,Bristol,Cotham,51.4684600,-2.6040300,"Entire home/apt",16
2820,2147483647,703625067,1.47E+18,Bristol,Cotham,51.4661200,-2.6037500,"Entire home/apt",16
2821,2147483647,152788806,1.46E+18,Bristol,Stockwood,51.4194200,-2.5589300,"Entire home/apt",20
2822,2147483647,152788806,1.46E+18,Bristol,"Hotwells & Harbourside",51.4457299,-2.6189214,"Entire home/apt",20
2823,2147483647,676235836,1.47E+18,Bristol,"Lawrence Hill",51.4654100,-2.5695900,"Entire home/apt",1
2824,2147483647,217550485,1.47E+18,Bristol,"Frome Vale",51.4855190,-2.5523260,"Entire home/apt",7
2825,2147483647,441552496,1.47E+18,Bristol,Ashley,51.4636800,-2.5838000,"Entire home/apt",5
2826,2147483647,13127767,1.46E+18,Bristol,Clifton,51.4531200,-2.6217700,"Entire home/apt",2
2827,2147483647,308290618,1.59E+18,Bristol,Southville,51.4409627,-2.6041238,"Entire home/apt",1
2828,2147483647,527770813,1.55E+18,Bristol,"Avonmouth & Lawrence Weston",51.4910723,-2.6547137,"Entire home/apt",1
2829,2147483647,408871305,1.71E+18,Bristol,Redland,51.4735315,-2.5934519,"Entire home/apt",1
2831,2147483647,242316855,1.47E+18,Bristol,"Hotwells & Harbourside",51.4467300,-2.6089300,"Entire home/apt",3
2832,2147483647,152788806,1.46E+18,Bristol,"Windmill Hill",51.4368692,-2.5854896,"Entire home/apt",20
2833,2147483647,2147483647,1.70E+18,Bristol,Stockwood,51.4277299,-2.5515918,"Entire home/apt",1
2834,2147483647,308939572,1.47E+18,Bristol,Bishopsworth,51.4299068,-2.6114261,"Entire home/apt",1
2835,2147483647,506592683,1.47E+18,Bristol,Ashley,51.4617540,-2.5866466,"Entire home/apt",1
2836,2147483647,65192629,1.46E+18,Bristol,Central,51.4553478,-2.5937886,"Entire home/apt",141
2837,2147483647,455486137,1.66E+18,Bristol,"Brislington West",51.4260694,-2.5281016,"Entire home/apt",1
2838,2147483647,152788806,1.46E+18,Bristol,Central,51.4635268,-2.5911380,"Entire home/apt",20
2839,2147483647,50706651,1.47E+18,Bristol,"Westbury-on-Trym & Henleaze",51.4777491,-2.6085382,"Entire home/apt",6
2840,2147483647,65192629,1.46E+18,Bristol,Central,51.4553478,-2.5937886,"Entire home/apt",141
2841,2147483647,417936290,1.47E+18,Bristol,"Lawrence Hill",51.4623920,-2.5761853,"Entire home/apt",1
2842,2147483647,33349376,1.48E+18,Bristol,Bedminster,51.4382792,-2.6063069,"Entire home/apt",1
2843,2147483647,242316855,1.47E+18,Bristol,Easton,51.4579850,-2.5623120,"Entire home/apt",3
2844,2147483647,2147483647,1.68E+18,Bristol,Clifton,51.4508984,-2.6137216,"Entire home/apt",1
2845,2147483647,82907725,1.47E+18,Bristol,Ashley,51.4709020,-2.5825634,"Entire home/apt",1
2846,2147483647,105564995,1.46E+18,Bristol,Southville,51.4400255,-2.5962295,"Entire home/apt",4
2847,2147483647,105564995,1.46E+18,Bristol,Southville,51.4401613,-2.5962304,"Entire home/apt",4
2848,2147483647,489563902,1.47E+18,Bristol,Filwood,51.4206793,-2.5983012,"Private room",1
2849,2147483647,661050077,1.47E+18,Bristol,"Frome Vale",51.4842001,-2.5167660,"Entire home/apt",1
2850,2147483647,236481623,1.47E+18,Bristol,"Clifton Down",51.4666297,-2.6119000,"Entire home/apt",48
2851,2147483647,34467280,1.47E+18,Bristol,"Stoke Bishop",51.4816000,-2.6313000,"Entire home/apt",1
2852,2147483647,25598447,1.47E+18,Bristol,"Stoke Bishop",51.4864700,-2.6464600,"Entire home/apt",1
2853,2147483647,185945595,1.47E+18,Bristol,Ashley,51.4662518,-2.5858225,"Entire home/apt",1
2854,2147483647,236481623,1.47E+18,Bristol,Southville,51.4424400,-2.6137100,"Entire home/apt",48
2855,2147483647,152788806,1.46E+18,Bristol,"Hotwells & Harbourside",51.4461611,-2.6183860,"Entire home/apt",20
2856,2147483647,40318076,1.47E+18,Bristol,"Hartcliffe & Withywood",51.4134500,-2.6109000,"Private room",1
2857,2147483647,50706651,1.47E+18,Bristol,"Westbury-on-Trym & Henleaze",51.4777491,-2.6085382,"Entire home/apt",6
2858,2147483647,573775655,1.47E+18,Bristol,"Clifton Down",51.4602478,-2.6110896,"Private room",4
2859,2147483647,573775655,1.47E+18,Bristol,"Clifton Down",51.4586400,-2.6111500,"Private room",4
2860,2147483647,573775655,1.47E+18,Bristol,"Clifton Down",51.4596354,-2.6102182,"Private room",4
2861,2147483647,573775655,1.47E+18,Bristol,"Clifton Down",51.4586083,-2.6100122,"Private room",4
2862,2147483647,90590703,1.47E+18,Bristol,Filwood,51.4211200,-2.5835300,"Private room",1
2863,2147483647,534457705,1.47E+18,Bristol,Southville,51.4407519,-2.6001300,"Entire home/apt",1
2864,2147483647,65192629,1.46E+18,Bristol,Central,51.4553478,-2.5937886,"Entire home/apt",141
2865,2147483647,65192629,1.46E+18,Bristol,Central,51.4553478,-2.5937886,"Entire home/apt",141
2866,2147483647,105564995,1.46E+18,Bristol,Southville,51.4403706,-2.5977533,"Entire home/apt",4
2867,2147483647,152788806,1.46E+18,Bristol,Central,51.4628237,-2.5904394,"Entire home/apt",20
2868,2147483647,35327702,1.47E+18,Bristol,Clifton,51.4548400,-2.6199400,"Entire home/apt",1
2869,2147483647,25330987,1.66E+18,Bristol,Clifton,51.4527955,-2.6152381,"Entire home/apt",1
2870,2147483647,21329227,1.46E+18,Bristol,Southville,51.4451900,-2.6000700,"Entire home/apt",1
2871,2147483647,65192629,1.46E+18,Bristol,Central,51.4553478,-2.5937886,"Entire home/apt",141
2872,2147483647,7254449,1.46E+18,Bristol,"Stoke Bishop",51.4726859,-2.6381147,"Entire home/apt",2
2873,2147483647,236481623,1.47E+18,Bristol,"St George West",51.4609400,-2.5455300,"Entire home/apt",48
2874,2147483647,50706651,1.47E+18,Bristol,"Westbury-on-Trym & Henleaze",51.4776943,-2.6084469,"Entire home/apt",6
2875,2147483647,19166382,1.46E+18,Bristol,Central,51.4561115,-2.5979279,"Entire home/apt",1
2876,2147483647,172497046,1.47E+18,Bristol,Cotham,51.4645122,-2.5906690,"Entire home/apt",1
2877,2147483647,703625067,1.47E+18,Bristol,Cotham,51.4647900,-2.6022300,"Entire home/apt",16
2878,2147483647,25732271,1.47E+18,Bristol,Central,51.4511715,-2.5949019,"Entire home/apt",1
2879,2147483647,47277863,1.47E+18,Bristol,"Brislington East",51.4405444,-2.5462314,"Entire home/apt",2
2880,2147483647,105900785,1.46E+18,Bristol,"Brislington East",51.4356737,-2.5464021,"Entire home/apt",1
2881,2147483647,29334528,1.47E+18,Bristol,Eastville,51.4777200,-2.5424600,"Private room",3
2882,2147483647,682915036,1.47E+18,Bristol,"Lawrence Hill",51.4568152,-2.5838846,"Entire home/apt",1
2883,2147483647,65192629,1.46E+18,Bristol,"Clifton Down",51.4587795,-2.6125122,"Entire home/apt",141
2884,2147483647,694753701,1.47E+18,Bristol,Horfield,51.4968655,-2.5818100,"Entire home/apt",5
2885,2147483647,40953779,1.47E+18,Bristol,"Lawrence Hill",51.4535065,-2.5773454,"Entire home/apt",2
2886,2147483647,16630323,1.46E+18,Bristol,Central,51.4482126,-2.5860666,"Entire home/apt",22
2887,2147483647,54854265,1.46E+18,Bristol,"Windmill Hill",51.4347793,-2.6024869,"Entire home/apt",1
2888,2147483647,180924450,1.47E+18,Bristol,Ashley,51.4642600,-2.5860900,"Entire home/apt",1
2889,2147483647,53599490,1.47E+18,Bristol,"Windmill Hill",51.4421659,-2.5686856,"Private room",3
2890,2147483647,421736626,1.47E+18,Bristol,"Avonmouth & Lawrence Weston",51.4959300,-2.6452300,"Entire home/apt",1
2891,2147483647,17444028,1.46E+18,Bristol,Knowle,51.4363258,-2.5749402,"Private room",1
2892,2147483647,259453867,1.47E+18,Bristol,"Windmill Hill",51.4437295,-2.5804633,"Entire home/apt",1
2893,2147483647,47170271,1.47E+18,Bristol,"Hotwells & Harbourside",51.4486600,-2.6104700,"Entire home/apt",1
2894,2147483647,50527382,1.47E+18,Bristol,Cotham,51.4694260,-2.6057125,"Entire home/apt",1
2895,2147483647,650218971,1.53E+18,Bristol,"Westbury-on-Trym & Henleaze",51.4946937,-2.6138114,"Entire home/apt",1
2897,2147483647,21376398,1.46E+18,Bristol,Hillfields,51.4734779,-2.5182925,"Private room",1
2898,2147483647,9488535,1.46E+18,Bristol,Hillfields,51.4780417,-2.5215591,"Entire home/apt",1
2899,2147483647,51686051,1.47E+18,Bristol,Redland,51.4754700,-2.6096600,"Entire home/apt",27
2900,2147483647,44336098,1.66E+18,Bristol,"Westbury-on-Trym & Henleaze",51.4897000,-2.6247700,"Entire home/apt",1
2901,2147483647,287196947,1.47E+18,Bristol,"Bishopston & Ashley Down",51.4865900,-2.5799300,"Entire home/apt",3
2902,2147483647,369624884,1.47E+18,Bristol,Central,51.4559000,-2.5948900,"Entire home/apt",9
2903,2147483647,519751936,1.47E+18,Bristol,Ashley,51.4662600,-2.5831300,"Entire home/apt",8
2904,2147483647,697799954,1.47E+18,Bristol,Easton,51.4604601,-2.5581609,"Entire home/apt",1
2905,2147483647,57800479,1.47E+18,Bristol,Ashley,51.4666100,-2.5790600,"Entire home/apt",1
2906,2147483647,22687759,1.46E+18,Bristol,Southville,51.4416674,-2.6058539,"Entire home/apt",1
2907,2147483647,204125442,1.53E+18,Bristol,"St George West",51.4598400,-2.5538100,"Private room",1
2908,2147483647,8560772,1.46E+18,Bristol,Southville,51.4448582,-2.6181233,"Shared room",7
2909,2147483647,115380312,1.46E+18,Bristol,Easton,51.4592500,-2.5577000,"Entire home/apt",1
2910,2147483647,550701975,1.47E+18,Bristol,Redland,51.4726173,-2.6133660,"Private room",1
2911,2147483647,129545442,1.47E+18,Bristol,Redland,51.4788200,-2.5914400,"Private room",1
2912,2147483647,34635555,1.47E+18,Bristol,Southmead,51.5080400,-2.5970900,"Private room",4
2913,2147483647,166781700,1.47E+18,Bristol,Cotham,51.4658400,-2.5907500,"Entire home/apt",4
2914,2147483647,314174485,1.47E+18,Bristol,Central,51.4511500,-2.5899300,"Entire home/apt",3
2915,2147483647,489685404,1.47E+18,Bristol,Clifton,51.4568673,-2.6134736,"Entire home/apt",20
2916,2147483647,538219011,1.47E+18,Bristol,Hillfields,51.4762501,-2.5130891,"Entire home/apt",1
2917,2147483647,489685404,1.47E+18,Bristol,"Lawrence Hill",51.4560200,-2.5799900,"Entire home/apt",20
2918,2147483647,65192629,1.46E+18,Bristol,Southville,51.4403420,-2.6092839,"Entire home/apt",141
2919,2147483647,99998716,1.46E+18,Bristol,"Clifton Down",51.4632434,-2.6160144,"Entire home/apt",2
2920,2147483647,464584238,1.57E+18,Bristol,"Avonmouth & Lawrence Weston",51.4910529,-2.6786171,"Entire home/apt",2
2921,2147483647,65192629,1.46E+18,Bristol,Clifton,51.4546670,-2.6221165,"Entire home/apt",141
2922,2147483647,65192629,1.46E+18,Bristol,Ashley,51.4632973,-2.5878159,"Entire home/apt",141
2923,2147483647,65192629,1.46E+18,Bristol,Central,51.4579487,-2.5989483,"Entire home/apt",141
2924,2147483647,65192629,1.46E+18,Bristol,"Hotwells & Harbourside",51.4513740,-2.6042790,"Entire home/apt",141
2925,2147483647,65192629,1.46E+18,Bristol,Clifton,51.4564981,-2.6171258,"Entire home/apt",141
2926,2147483647,11472252,1.46E+18,Bristol,"Brislington West",51.4391100,-2.5532400,"Entire home/apt",1
2927,2147483647,150734603,1.47E+18,Bristol,Horfield,51.5008900,-2.5906900,"Entire home/apt",3
2928,2147483647,489685404,1.47E+18,Bristol,Clifton,51.4562400,-2.6106200,"Entire home/apt",20
2929,2147483647,65192629,1.46E+18,Bristol,"Lawrence Hill",51.4528290,-2.5767609,"Entire home/apt",141
2930,2147483647,703625067,1.47E+18,Bristol,Cotham,51.4638100,-2.6021600,"Entire home/apt",16
2931,2147483647,2368757,1.61E+18,Bristol,Knowle,51.4289445,-2.5745500,"Entire home/apt",1
2932,2147483647,689078139,1.47E+18,Bristol,"St George Central",51.4609694,-2.5384217,"Entire home/apt",1
2933,2147483647,125651447,1.47E+18,Bristol,Central,51.4599112,-2.6069757,"Entire home/apt",67
2934,2147483647,125651447,1.47E+18,Bristol,Central,51.4593611,-2.6064275,"Entire home/apt",67
2935,2147483647,125651447,1.47E+18,Bristol,Central,51.4590771,-2.6055445,"Entire home/apt",67
2936,2147483647,125651447,1.47E+18,Bristol,Central,51.4594228,-2.6076042,"Entire home/apt",67
2937,2147483647,125651447,1.47E+18,Bristol,Central,51.4590936,-2.6071829,"Entire home/apt",67
2938,2147483647,125651447,1.47E+18,Bristol,Central,51.4590834,-2.6076031,"Entire home/apt",67
2939,2147483647,125651447,1.47E+18,Bristol,Central,51.4606902,-2.6077976,"Entire home/apt",67
2940,2147483647,125651447,1.47E+18,Bristol,Central,51.4598844,-2.6072071,"Entire home/apt",67
2941,2147483647,701995158,1.47E+18,Bristol,"Lawrence Hill",51.4524525,-2.5608748,"Entire home/apt",8
2942,2147483647,65192629,1.46E+18,Bristol,Ashley,51.4711145,-2.5797430,"Entire home/apt",141
2943,2147483647,454087963,1.46E+18,Bristol,Clifton,51.4565900,-2.6134500,"Entire home/apt",1
2944,2147483647,509518978,1.47E+18,Bristol,Central,51.4566700,-2.6057300,"Entire home/apt",1
2945,2147483647,8323720,1.46E+18,Bristol,Clifton,51.4512424,-2.6168670,"Entire home/apt",1
2946,2147483647,154152507,1.47E+18,Bristol,Ashley,51.4623100,-2.5873600,"Entire home/apt",29
2947,2147483647,154152507,1.47E+18,Bristol,Ashley,51.4606100,-2.5873300,"Entire home/apt",29
2948,2147483647,676980874,1.47E+18,Bristol,Southville,51.4446073,-2.5925641,"Entire home/apt",5
2949,2147483647,722858248,1.53E+18,Bristol,Ashley,51.4674800,-2.5830600,"Entire home/apt",6
2950,2147483647,722858248,1.53E+18,Bristol,Ashley,51.4608300,-2.5839600,"Entire home/apt",6
2951,2147483647,4536236,1.66E+18,Bristol,Easton,51.4557500,-2.5551000,"Entire home/apt",1
2952,2147483647,26058469,1.47E+18,Bristol,Ashley,51.4662300,-2.5814900,"Entire home/apt",2
2953,2147483647,48240870,1.47E+18,Bristol,Ashley,51.4617790,-2.5854090,"Entire home/apt",7
2954,2147483647,707804274,1.61E+18,Bristol,"St George Central",51.4635300,-2.5133800,"Private room",2
2955,2147483647,707804274,1.61E+18,Bristol,"St George Central",51.4636315,-2.5125497,"Private room",2
2956,2147483647,302927678,1.47E+18,Bristol,Clifton,51.4573172,-2.6134889,"Entire home/apt",3
2957,2147483647,556077086,1.47E+18,Bristol,"Hotwells & Harbourside",51.4544429,-2.6045157,"Entire home/apt",1
2958,2147483647,15208186,1.65E+18,Bristol,Ashley,51.4665888,-2.5850203,"Entire home/apt",1
2959,2147483647,452666032,1.47E+18,Bristol,"Westbury-on-Trym & Henleaze",51.4932508,-2.6188589,"Entire home/apt",22
2961,2147483647,20362204,1.46E+18,Bristol,Easton,51.4540500,-2.5587400,"Entire home/apt",1
2962,2147483647,34564476,1.47E+18,Bristol,"Windmill Hill",51.4423200,-2.5843400,"Entire home/apt",2
2963,2147483647,25990570,1.47E+18,Bristol,Cotham,51.4677000,-2.6048200,"Entire home/apt",1
2964,2147483647,452666032,1.47E+18,Bristol,Central,51.4460200,-2.5981300,"Entire home/apt",22
2965,2147483647,529719340,1.47E+18,Bristol,"Brislington West",51.4458900,-2.5544800,"Entire home/apt",34
2966,2147483647,725764045,1.54E+18,Bristol,"Lawrence Hill",51.4566222,-2.5826058,"Entire home/apt",1
2967,2147483647,24872983,1.47E+18,Bristol,"Frome Vale",51.4848000,-2.5176100,"Private room",2
2968,2147483647,703625067,1.47E+18,Bristol,Southville,51.4448639,-2.6141170,"Entire home/apt",16
2969,2147483647,70303711,1.46E+18,Bristol,Central,51.4507555,-2.5909200,"Entire home/apt",1
2970,2147483647,468519404,1.47E+18,Bristol,Ashley,51.4660600,-2.5807700,"Private room",1
2971,2147483647,16014841,1.46E+18,Bristol,"Brislington West",51.4440800,-2.5525700,"Private room",1
2972,2147483647,529719340,1.47E+18,Bristol,"Lawrence Hill",51.4567900,-2.5640700,"Private room",34
2973,2147483647,65192629,1.46E+18,Bristol,"Clifton Down",51.4689136,-2.6134519,"Entire home/apt",141
2974,2147483647,46399716,1.46E+18,Bristol,Ashley,51.4652500,-2.5879900,"Entire home/apt",14
2976,2147483647,125651447,1.47E+18,Bristol,"Clifton Down",51.4690300,-2.6129300,"Entire home/apt",67
2975,2147483647,125651447,1.47E+18,Bristol,"Clifton Down",51.4694700,-2.6130000,"Entire home/apt",67
2977,2147483647,732254177,1.57E+18,Bristol,"Windmill Hill",51.4398428,-2.5733181,"Entire home/apt",1
2978,2147483647,703625067,1.47E+18,Bristol,"Westbury-on-Trym & Henleaze",51.4923000,-2.6185200,"Entire home/apt",16
2979,2147483647,703625067,1.47E+18,Bristol,"Westbury-on-Trym & Henleaze",51.4933344,-2.6187789,"Entire home/apt",16
2980,2147483647,703625067,1.47E+18,Bristol,"Westbury-on-Trym & Henleaze",51.4933300,-2.6187800,"Entire home/apt",16
2981,2147483647,703625067,1.47E+18,Bristol,"Westbury-on-Trym & Henleaze",51.4926700,-2.6196000,"Entire home/apt",16
2982,2147483647,259834272,1.47E+18,Bristol,Redland,51.4783425,-2.6068731,"Entire home/apt",2
2983,2147483647,259834272,1.47E+18,Bristol,Redland,51.4785265,-2.6073804,"Entire home/apt",2
2984,2147483647,68053221,1.47E+18,Bristol,Clifton,51.4516000,-2.6169500,"Entire home/apt",3
2986,2147483647,128834986,1.47E+18,Bristol,Easton,51.4672000,-2.5616600,"Entire home/apt",2
2987,2147483647,152056870,1.46E+18,Bristol,Clifton,51.4519400,-2.6195900,"Entire home/apt",1
2988,2147483647,736493129,1.59E+18,Bristol,"St George Central",51.4612286,-2.5333322,"Entire home/apt",1
2989,2147483647,731151858,1.56E+18,Bristol,Ashley,51.4679930,-2.5814310,"Entire home/apt",3
2990,2147483647,65192629,1.46E+18,Bristol,"Brislington West",51.4364738,-2.5531495,"Entire home/apt",141
2991,2147483647,152788806,1.46E+18,Bristol,"Hotwells & Harbourside",51.4464933,-2.6121812,"Entire home/apt",20
2992,2147483647,152788806,1.46E+18,Bristol,Central,51.4517600,-2.5893400,"Entire home/apt",20
2993,2147483647,173051659,1.47E+18,Bristol,Clifton,51.4540918,-2.6237465,"Entire home/apt",1
2994,2147483647,58054851,1.46E+18,Bristol,Cotham,51.4689400,-2.6040600,"Entire home/apt",1
2995,2147483647,360195,1.46E+18,Bristol,"Windmill Hill",51.4395800,-2.5925700,"Private room",5
2996,2147483647,486187699,1.47E+18,Bristol,Hillfields,51.4731235,-2.5224058,"Entire home/apt",1
2997,2147483647,595307759,1.47E+18,Bristol,Horfield,51.4934200,-2.6018900,"Private room",7
2998,2147483647,482025947,1.47E+18,Bristol,"Stoke Bishop",51.4759832,-2.6294162,"Entire home/apt",2
2999,2147483647,125651447,1.47E+18,Bristol,Central,51.4591244,-2.6065030,"Entire home/apt",67
3000,2147483647,125651447,1.47E+18,Bristol,Central,51.4566471,-2.5966483,"Entire home/apt",67
3001,2147483647,125651447,1.47E+18,Bristol,Central,51.4604400,-2.6020700,"Entire home/apt",67
3002,2147483647,125651447,1.47E+18,Bristol,Central,51.4619700,-2.6036100,"Entire home/apt",67
3003,2147483647,125651447,1.47E+18,Bristol,Central,51.4605800,-2.6028100,"Entire home/apt",67
3004,2147483647,125651447,1.47E+18,Bristol,Central,51.4608400,-2.6022100,"Entire home/apt",67
3005,2147483647,125651447,1.47E+18,Bristol,"Hotwells & Harbourside",51.4499878,-2.6196862,"Entire home/apt",67
3006,2147483647,125651447,1.47E+18,Bristol,"Hotwells & Harbourside",51.4505451,-2.6198273,"Entire home/apt",67
3007,2147483647,125651447,1.47E+18,Bristol,Clifton,51.4513300,-2.6195300,"Entire home/apt",67
3008,2147483647,125651447,1.47E+18,Bristol,"Hotwells & Harbourside",51.4494272,-2.6194118,"Entire home/apt",67
3009,2147483647,125651447,1.47E+18,Bristol,"Hotwells & Harbourside",51.4505544,-2.6201356,"Entire home/apt",67
3010,2147483647,125651447,1.47E+18,Bristol,"Hotwells & Harbourside",51.4491872,-2.6185115,"Entire home/apt",67
3011,2147483647,125651447,1.47E+18,Bristol,"Clifton Down",51.4680500,-2.6144900,"Entire home/apt",67
3012,2147483647,125651447,1.47E+18,Bristol,"Clifton Down",51.4682400,-2.6133700,"Entire home/apt",67
3013,2147483647,434218847,1.47E+18,Bristol,"Lawrence Hill",51.4568500,-2.5799200,"Entire home/apt",33
3014,2147483647,434218847,1.47E+18,Bristol,"Lawrence Hill",51.4552000,-2.5794100,"Entire home/apt",33
3015,2147483647,434218847,1.47E+18,Bristol,"Lawrence Hill",51.4569100,-2.5814700,"Entire home/apt",33
3016,2147483647,434218847,1.47E+18,Bristol,"Lawrence Hill",51.4568100,-2.5810700,"Entire home/apt",33
3017,2147483647,659279236,1.63E+18,Bristol,"Avonmouth & Lawrence Weston",51.4913400,-2.6800700,"Entire home/apt",1
3018,2147483647,726817498,1.54E+18,Bristol,"Westbury-on-Trym & Henleaze",51.4940782,-2.6115493,"Entire home/apt",1
3019,2147483647,10403483,1.46E+18,Bristol,"Bishopston & Ashley Down",51.4790590,-2.5885588,"Entire home/apt",1
3020,2147483647,320153813,1.47E+18,Bristol,"Windmill Hill",51.4396500,-2.5734600,"Entire home/apt",3
3021,2147483647,487459609,1.47E+18,Bristol,Knowle,51.4252700,-2.5776600,"Entire home/apt",1
3022,2147483647,320153813,1.47E+18,Bristol,"Windmill Hill",51.4398767,-2.5726818,"Entire home/apt",3
3023,2147483647,731151858,1.56E+18,Bristol,Central,51.4601690,-2.5930530,"Entire home/apt",3
